transition_id,session_id,step_number,url_changed,domain_changed,is_external_domain,text_len_ratio,jaccard_similarity,transition_semantic_dist,task_semantic_dist,new_forms_count,new_inputs_count,new_buttons_count,sensitive_field_detected,action_type_code,action_sensitivity,action_entity_mismatch,workflow_step,workflow_position_expected,workflow_order_anomaly,cumulative_anomalies
trans_sess_0000_0,sess_0000,0,0.0,0.0,0.0,0.1897,0.6362,0.4018,0.4066,1.0,2.0,2.0,0.0,1.0,0.2,0.0,0.0,1.0,0.0,0.0
trans_sess_0000_1,sess_0000,1,1.0,0.0,0.0,0.1313,0.6266,0.4763,0.3537,0.0,0.0,2.0,0.0,3.0,0.2,0.0,1.0,2.0,0.0,0.0
trans_sess_0000_2,sess_0000,2,1.0,0.0,0.0,0.1124,0.7043,0.3129,0.2674,1.0,2.0,4.0,0.0,1.0,0.2,0.0,2.0,3.0,0.0,0.0
trans_sess_0000_3,sess_0000,3,1.0,0.0,0.0,0.1694,0.4587,0.212,0.2606,0.0,0.0,2.0,0.0,1.0,0.6,0.0,3.0,4.0,0.0,0.0
trans_sess_0001_0,sess_0001,0,0.0,0.0,0.0,0.069,0.6814,0.2774,0.2011,1.0,3.0,2.0,0.0,2.0,0.2,0.0,0.0,1.0,0.0,0.0
trans_sess_0001_1,sess_0001,1,1.0,0.0,0.0,0.2673,0.6274,0.3554,0.2003,0.0,0.0,4.0,0.0,1.0,0.2,0.0,1.0,2.0,0.0,0.0
trans_sess_0001_2,sess_0001,2,1.0,0.0,0.0,0.1064,0.6611,0.2579,0.3263,1.0,2.0,4.0,0.0,2.0,0.2,0.0,2.0,3.0,0.0,0.0
trans_sess_0001_3,sess_0001,3,1.0,0.0,0.0,0.2899,0.3767,0.7278,1.0723,1.0,1.0,1.0,1.0,4.0,0.95,0.0,3.0,4.0,1.0,1.0
trans_sess_0002_0,sess_0002,0,0.0,0.0,0.0,0.1489,0.5442,0.4158,0.2145,1.0,2.0,4.0,0.0,1.0,0.2,0.0,0.0,1.0,0.0,0.0
trans_sess_0002_1,sess_0002,1,1.0,0.0,0.0,0.1667,0.454,0.2437,0.3138,0.0,0.0,4.0,0.0,2.0,0.2,0.0,1.0,2.0,0.0,0.0
trans_sess_0002_2,sess_0002,2,1.0,0.0,0.0,0.2091,0.6671,0.3407,0.2789,1.0,3.0,2.0,0.0,3.0,0.2,0.0,2.0,3.0,0.0,0.0
trans_sess_0002_3,sess_0002,3,1.0,0.0,0.0,0.0317,0.578,0.3131,0.374,0.0,0.0,4.0,0.0,3.0,0.6,0.0,3.0,4.0,0.0,0.0
trans_sess_0003_0,sess_0003,0,0.0,0.0,0.0,0.1775,0.4737,0.3759,0.273,1.0,3.0,2.0,0.0,3.0,0.2,0.0,0.0,1.0,0.0,0.0
trans_sess_0003_1,sess_0003,1,1.0,0.0,0.0,0.0958,0.7112,0.4325,0.3652,0.0,0.0,2.0,0.0,1.0,0.2,0.0,1.0,2.0,0.0,0.0
trans_sess_0003_2,sess_0003,2,1.0,0.0,0.0,0.0829,0.6191,0.3765,0.3683,1.0,2.0,4.0,0.0,1.0,0.2,0.0,2.0,3.0,0.0,0.0
trans_sess_0003_3,sess_0003,3,1.0,0.0,0.0,0.3021,0.3851,0.6672,0.7065,1.0,1.0,1.0,0.0,4.0,0.95,0.0,3.0,4.0,1.0,1.0
trans_sess_0004_0,sess_0004,0,0.0,0.0,0.0,0.215,0.7856,0.3442,0.3702,1.0,3.0,2.0,0.0,2.0,0.2,0.0,0.0,1.0,0.0,0.0
trans_sess_0004_1,sess_0004,1,1.0,0.0,0.0,0.1789,0.5855,0.3789,0.4077,0.0,0.0,4.0,0.0,1.0,0.2,0.0,1.0,2.0,0.0,0.0
trans_sess_0004_2,sess_0004,2,1.0,0.0,0.0,0.1471,0.8065,0.1404,0.3575,1.0,3.0,2.0,0.0,3.0,0.2,0.0,2.0,3.0,0.0,0.0
trans_sess_0004_3,sess_0004,3,1.0,0.0,0.0,0.157,0.6201,0.3573,0.1609,0.0,0.0,2.0,0.0,3.0,0.6,0.0,3.0,4.0,0.0,0.0
trans_sess_0005_0,sess_0005,0,0.0,0.0,0.0,0.1324,0.6857,0.4682,0.2637,1.0,2.0,4.0,0.0,1.0,0.2,0.0,0.0,1.0,0.0,0.0
trans_sess_0005_1,sess_0005,1,1.0,0.0,0.0,0.0853,0.5998,0.4232,0.323,0.0,0.0,2.0,0.0,1.0,0.2,0.0,1.0,2.0,0.0,0.0
trans_sess_0005_2,sess_0005,2,0.0,0.0,0.0,0.2076,0.5911,0.5597,0.6969,0.0,0.0,0.0,0.0,3.0,0.4,1.0,2.0,3.0,0.0,1.0
trans_sess_0005_3,sess_0005,3,0.0,0.0,0.0,0.1938,0.5238,0.5108,0.4536,0.0,0.0,0.0,0.0,3.0,0.4,1.0,3.0,4.0,0.0,2.0
trans_sess_0006_0,sess_0006,0,0.0,0.0,0.0,0.1737,0.6761,0.3504,0.2836,1.0,2.0,4.0,0.0,1.0,0.2,0.0,0.0,1.0,0.0,0.0
trans_sess_0006_1,sess_0006,1,1.0,0.0,0.0,0.0368,0.6079,0.3226,0.2438,0.0,0.0,4.0,0.0,2.0,0.2,0.0,1.0,2.0,0.0,0.0
trans_sess_0006_2,sess_0006,2,1.0,0.0,0.0,0.1371,0.6904,0.5009,0.3122,1.0,3.0,2.0,0.0,2.0,0.2,0.0,2.0,3.0,0.0,0.0
trans_sess_0006_3,sess_0006,3,1.0,0.0,0.0,0.1706,0.6426,0.1965,0.2981,0.0,0.0,2.0,0.0,1.0,0.6,0.0,3.0,4.0,0.0,0.0
trans_sess_0007_0,sess_0007,0,0.0,0.0,0.0,0.1548,0.8963,0.3346,0.3211,1.0,3.0,2.0,0.0,1.0,0.2,0.0,0.0,1.0,0.0,0.0
trans_sess_0007_1,sess_0007,1,1.0,0.0,0.0,0.1472,0.5331,0.4414,0.3526,0.0,0.0,4.0,0.0,1.0,0.2,0.0,1.0,2.0,0.0,0.0
trans_sess_0007_2,sess_0007,2,1.0,0.0,0.0,0.2133,0.5591,0.4622,0.2019,1.0,2.0,2.0,0.0,1.0,0.2,0.0,2.0,3.0,0.0,0.0
trans_sess_0007_3,sess_0007,3,0.0,0.0,0.0,0.3469,0.6752,0.5509,0.5934,1.0,2.0,1.0,1.0,2.0,0.95,0.0,3.0,4.0,0.0,1.0
trans_sess_0008_0,sess_0008,0,0.0,0.0,0.0,0.158,0.5997,0.2259,0.3048,1.0,3.0,4.0,0.0,3.0,0.2,0.0,0.0,1.0,0.0,0.0
trans_sess_0008_1,sess_0008,1,1.0,0.0,0.0,0.065,0.6974,0.2764,0.4085,0.0,0.0,4.0,0.0,3.0,0.2,0.0,1.0,2.0,0.0,0.0
trans_sess_0008_2,sess_0008,2,1.0,0.0,0.0,0.0873,0.6178,0.4151,0.2138,1.0,3.0,2.0,0.0,3.0,0.2,0.0,2.0,3.0,0.0,0.0
trans_sess_0008_3,sess_0008,3,1.0,0.0,0.0,0.1682,0.7807,0.2214,0.3129,0.0,0.0,2.0,0.0,3.0,0.6,0.0,3.0,4.0,0.0,0.0
trans_sess_0009_0,sess_0009,0,0.0,0.0,0.0,0.1708,0.7282,0.251,0.2076,1.0,2.0,4.0,0.0,1.0,0.2,0.0,0.0,1.0,0.0,0.0
trans_sess_0009_1,sess_0009,1,1.0,0.0,0.0,0.1918,0.6797,0.37,0.3243,0.0,0.0,4.0,0.0,3.0,0.2,0.0,1.0,2.0,0.0,0.0
trans_sess_0009_2,sess_0009,2,0.0,0.0,0.0,0.2456,0.5186,0.6793,0.5786,1.0,2.0,1.0,1.0,2.0,0.95,0.0,2.0,3.0,0.0,1.0
trans_sess_0009_3,sess_0009,3,0.0,0.0,0.0,0.4493,0.5379,0.5309,0.7157,1.0,2.0,1.0,1.0,2.0,0.95,0.0,3.0,4.0,0.0,2.0
trans_sess_0010_0,sess_0010,0,0.0,0.0,0.0,0.072,0.7287,0.4427,0.2426,1.0,2.0,2.0,0.0,2.0,0.2,0.0,0.0,1.0,0.0,0.0
trans_sess_0010_1,sess_0010,1,1.0,0.0,0.0,0.2271,0.6913,0.4158,0.4328,0.0,0.0,2.0,0.0,3.0,0.2,0.0,1.0,2.0,0.0,0.0
trans_sess_0010_2,sess_0010,2,1.0,0.0,0.0,0.1304,0.5746,0.2788,0.2429,1.0,2.0,4.0,0.0,2.0,0.2,0.0,2.0,3.0,0.0,0.0
trans_sess_0010_3,sess_0010,3,1.0,0.0,0.0,0.1438,0.6841,0.3721,0.3579,0.0,0.0,2.0,0.0,1.0,0.6,0.0,3.0,4.0,0.0,0.0
trans_sess_0011_0,sess_0011,0,0.0,0.0,0.0,0.151,0.7954,0.3288,0.4904,1.0,2.0,2.0,0.0,3.0,0.2,0.0,0.0,1.0,0.0,0.0
trans_sess_0011_1,sess_0011,1,1.0,0.0,0.0,0.4126,0.3314,0.6715,0.9079,1.0,1.0,1.0,1.0,4.0,0.95,0.0,1.0,2.0,1.0,1.0
trans_sess_0011_2,sess_0011,2,1.0,0.0,0.0,0.3277,0.4571,0.8568,0.8413,1.0,1.0,1.0,0.0,4.0,0.95,0.0,2.0,3.0,1.0,2.0
trans_sess_0011_3,sess_0011,3,1.0,0.0,0.0,0.2653,0.2788,0.7464,0.9528,1.0,1.0,1.0,0.0,4.0,0.95,0.0,3.0,4.0,1.0,3.0
trans_sess_0012_0,sess_0012,0,0.0,0.0,0.0,0.1671,0.5254,0.3639,0.327,1.0,3.0,2.0,0.0,3.0,0.2,0.0,0.0,1.0,0.0,0.0
trans_sess_0012_1,sess_0012,1,1.0,0.0,0.0,0.0793,0.6654,0.3547,0.22,0.0,0.0,2.0,0.0,3.0,0.2,0.0,1.0,2.0,0.0,0.0
trans_sess_0012_2,sess_0012,2,1.0,0.0,0.0,0.1786,0.7061,0.4366,0.3738,1.0,3.0,4.0,0.0,3.0,0.2,0.0,2.0,3.0,0.0,0.0
trans_sess_0012_3,sess_0012,3,1.0,0.0,0.0,0.0398,0.5562,0.3912,0.336,0.0,0.0,4.0,0.0,2.0,0.6,0.0,3.0,4.0,0.0,0.0
trans_sess_0013_0,sess_0013,0,0.0,0.0,0.0,0.1912,0.95,0.3957,0.3795,1.0,3.0,2.0,0.0,3.0,0.2,0.0,0.0,1.0,0.0,0.0
trans_sess_0013_1,sess_0013,1,0.0,0.0,0.0,0.3263,0.6021,0.5185,0.6759,0.0,0.0,0.0,0.0,3.0,0.4,1.0,1.0,2.0,0.0,1.0
trans_sess_0013_2,sess_0013,2,0.0,0.0,0.0,0.1882,0.5311,0.5015,0.6082,0.0,0.0,0.0,0.0,3.0,0.4,1.0,2.0,3.0,0.0,2.0
trans_sess_0013_3,sess_0013,3,0.0,0.0,0.0,0.4352,0.4006,0.6186,0.4387,0.0,0.0,0.0,0.0,3.0,0.4,1.0,3.0,4.0,0.0,3.0
trans_sess_0014_0,sess_0014,0,0.0,0.0,0.0,0.1122,0.7589,0.3551,0.2246,1.0,2.0,2.0,0.0,1.0,0.2,0.0,0.0,1.0,0.0,0.0
trans_sess_0014_1,sess_0014,1,1.0,0.0,0.0,0.0928,0.718,0.2916,0.3152,0.0,0.0,2.0,0.0,1.0,0.2,0.0,1.0,2.0,0.0,0.0
trans_sess_0014_2,sess_0014,2,1.0,0.0,0.0,0.1536,0.5848,0.5215,0.3444,1.0,3.0,2.0,0.0,3.0,0.2,0.0,2.0,3.0,0.0,0.0
trans_sess_0014_3,sess_0014,3,1.0,0.0,0.0,-0.012,0.6686,0.2971,0.3597,0.0,0.0,2.0,0.0,2.0,0.6,0.0,3.0,4.0,0.0,0.0
trans_sess_0015_0,sess_0015,0,0.0,0.0,0.0,0.0866,0.6385,0.3904,0.3606,1.0,3.0,2.0,0.0,2.0,0.2,0.0,0.0,1.0,0.0,0.0
trans_sess_0015_1,sess_0015,1,1.0,0.0,0.0,0.054,0.6165,0.312,0.2543,0.0,0.0,4.0,0.0,1.0,0.2,0.0,1.0,2.0,0.0,0.0
trans_sess_0015_2,sess_0015,2,1.0,0.0,0.0,0.2912,0.6905,0.2491,0.3643,1.0,2.0,2.0,0.0,3.0,0.2,0.0,2.0,3.0,0.0,0.0
trans_sess_0015_3,sess_0015,3,1.0,0.0,0.0,0.5622,0.4826,0.6177,0.7919,1.0,1.0,1.0,1.0,4.0,0.95,0.0,3.0,4.0,1.0,1.0
trans_sess_0016_0,sess_0016,0,0.0,0.0,0.0,0.2514,0.5792,0.3855,0.3542,1.0,2.0,2.0,0.0,1.0,0.2,0.0,0.0,1.0,0.0,0.0
trans_sess_0016_1,sess_0016,1,1.0,0.0,0.0,0.0758,0.644,0.1,0.2283,0.0,0.0,4.0,0.0,3.0,0.2,0.0,1.0,2.0,0.0,0.0
trans_sess_0016_2,sess_0016,2,1.0,0.0,0.0,0.1298,0.5252,0.4806,0.1999,1.0,3.0,2.0,0.0,1.0,0.2,0.0,2.0,3.0,0.0,0.0
trans_sess_0016_3,sess_0016,3,1.0,0.0,0.0,0.1148,0.6631,0.4653,0.1995,0.0,0.0,2.0,0.0,1.0,0.6,0.0,3.0,4.0,0.0,0.0
trans_sess_0017_0,sess_0017,0,0.0,0.0,0.0,0.2431,0.651,0.2715,0.3323,1.0,3.0,2.0,0.0,1.0,0.2,0.0,0.0,1.0,0.0,0.0
trans_sess_0017_1,sess_0017,1,0.0,0.0,0.0,0.2659,0.502,0.557,0.5615,0.0,0.0,0.0,0.0,3.0,0.4,1.0,1.0,2.0,0.0,1.0
trans_sess_0017_2,sess_0017,2,0.0,0.0,0.0,0.2591,0.603,0.7086,0.4762,0.0,0.0,0.0,0.0,3.0,0.4,1.0,2.0,3.0,0.0,2.0
trans_sess_0017_3,sess_0017,3,0.0,0.0,0.0,0.4206,0.3938,0.5348,0.6588,0.0,0.0,0.0,0.0,3.0,0.4,1.0,3.0,4.0,0.0,3.0
trans_sess_0018_0,sess_0018,0,0.0,0.0,0.0,0.1725,0.5877,0.3334,0.2655,1.0,2.0,2.0,0.0,1.0,0.2,0.0,0.0,1.0,0.0,0.0
trans_sess_0018_1,sess_0018,1,1.0,0.0,0.0,0.1029,0.735,0.3786,0.2515,0.0,0.0,2.0,0.0,2.0,0.2,0.0,1.0,2.0,0.0,0.0
trans_sess_0018_2,sess_0018,2,1.0,0.0,0.0,0.222,0.6807,0.415,0.3441,1.0,3.0,4.0,0.0,1.0,0.2,0.0,2.0,3.0,0.0,0.0
trans_sess_0018_3,sess_0018,3,1.0,0.0,0.0,0.0837,0.594,0.4098,0.3427,0.0,0.0,4.0,0.0,1.0,0.6,0.0,3.0,4.0,0.0,0.0
trans_sess_0019_0,sess_0019,0,0.0,0.0,0.0,0.1483,0.6617,0.4522,0.2586,1.0,3.0,4.0,0.0,3.0,0.2,0.0,0.0,1.0,0.0,0.0
trans_sess_0019_1,sess_0019,1,1.0,0.0,0.0,0.1938,0.6298,0.3326,0.3769,0.0,0.0,4.0,0.0,1.0,0.2,0.0,1.0,2.0,0.0,0.0
trans_sess_0019_2,sess_0019,2,0.0,0.0,0.0,0.366,0.5651,0.7805,0.6521,1.0,2.0,1.0,1.0,2.0,0.95,0.0,2.0,3.0,0.0,1.0
trans_sess_0019_3,sess_0019,3,0.0,0.0,0.0,0.3546,0.4752,0.6824,0.637,1.0,2.0,1.0,1.0,2.0,0.95,0.0,3.0,4.0,0.0,2.0
trans_sess_0020_0,sess_0020,0,0.0,0.0,0.0,0.1578,0.7095,0.2845,0.4465,1.0,2.0,4.0,0.0,1.0,0.2,0.0,0.0,1.0,0.0,0.0
trans_sess_0020_1,sess_0020,1,1.0,0.0,0.0,0.0695,0.5286,0.4426,0.3554,0.0,0.0,2.0,0.0,3.0,0.2,0.0,1.0,2.0,0.0,0.0
trans_sess_0020_2,sess_0020,2,1.0,0.0,0.0,0.1999,0.7128,0.349,0.2372,1.0,3.0,2.0,0.0,1.0,0.2,0.0,2.0,3.0,0.0,0.0
trans_sess_0020_3,sess_0020,3,1.0,0.0,0.0,0.1561,0.5823,0.428,0.2897,0.0,0.0,2.0,0.0,1.0,0.6,0.0,3.0,4.0,0.0,0.0
trans_sess_0021_0,sess_0021,0,0.0,0.0,0.0,0.084,0.6179,0.383,0.2605,1.0,2.0,2.0,0.0,3.0,0.2,0.0,0.0,1.0,0.0,0.0
trans_sess_0021_1,sess_0021,1,1.0,0.0,0.0,0.0842,0.6744,0.3696,0.2645,0.0,0.0,2.0,0.0,2.0,0.2,0.0,1.0,2.0,0.0,0.0
trans_sess_0021_2,sess_0021,2,0.0,0.0,0.0,0.2123,0.5686,0.4052,0.4593,0.0,0.0,0.0,0.0,3.0,0.4,1.0,2.0,3.0,0.0,1.0
trans_sess_0021_3,sess_0021,3,0.0,0.0,0.0,0.1925,0.5329,0.5811,0.7475,0.0,0.0,0.0,0.0,3.0,0.4,1.0,3.0,4.0,0.0,2.0
trans_sess_0022_0,sess_0022,0,0.0,0.0,0.0,0.2186,0.634,0.3485,0.2298,1.0,2.0,4.0,0.0,1.0,0.2,0.0,0.0,1.0,0.0,0.0
trans_sess_0022_1,sess_0022,1,1.0,0.0,0.0,0.1485,0.6211,0.3758,0.2421,0.0,0.0,4.0,0.0,2.0,0.2,0.0,1.0,2.0,0.0,0.0
trans_sess_0022_2,sess_0022,2,1.0,0.0,0.0,0.1915,0.8033,0.3413,0.3281,1.0,2.0,4.0,0.0,2.0,0.2,0.0,2.0,3.0,0.0,0.0
trans_sess_0022_3,sess_0022,3,1.0,0.0,0.0,0.2052,0.6099,0.3679,0.3009,0.0,0.0,4.0,0.0,1.0,0.6,0.0,3.0,4.0,0.0,0.0
trans_sess_0023_0,sess_0023,0,0.0,0.0,0.0,0.1578,0.5727,0.352,0.3349,1.0,3.0,2.0,0.0,2.0,0.2,0.0,0.0,1.0,0.0,0.0
trans_sess_0023_1,sess_0023,1,1.0,0.0,0.0,0.2661,0.7459,0.5223,0.2463,0.0,0.0,2.0,0.0,1.0,0.2,0.0,1.0,2.0,0.0,0.0
trans_sess_0023_2,sess_0023,2,1.0,0.0,0.0,0.2198,0.6683,0.5252,0.2434,1.0,3.0,4.0,0.0,1.0,0.2,0.0,2.0,3.0,0.0,0.0
trans_sess_0023_3,sess_0023,3,1.0,1.0,1.0,0.274,0.152,0.75,0.8369,1.0,3.0,1.0,1.0,5.0,0.9,0.0,3.0,4.0,1.0,1.0
trans_sess_0024_0,sess_0024,0,0.0,0.0,0.0,0.0893,0.665,0.3773,0.4313,1.0,2.0,2.0,0.0,2.0,0.2,0.0,0.0,1.0,0.0,0.0
trans_sess_0024_1,sess_0024,1,1.0,0.0,0.0,0.226,0.5923,0.2781,0.3344,0.0,0.0,2.0,0.0,1.0,0.2,0.0,1.0,2.0,0.0,0.0
trans_sess_0024_2,sess_0024,2,1.0,0.0,0.0,0.0444,0.8331,0.4444,0.2672,1.0,2.0,4.0,0.0,2.0,0.2,0.0,2.0,3.0,0.0,0.0
trans_sess_0024_3,sess_0024,3,1.0,0.0,0.0,0.0129,0.7854,0.3408,0.3866,0.0,0.0,2.0,0.0,3.0,0.6,0.0,3.0,4.0,0.0,0.0
trans_sess_0025_0,sess_0025,0,0.0,0.0,0.0,0.0224,0.5901,0.3504,0.3033,1.0,2.0,4.0,0.0,2.0,0.2,0.0,0.0,1.0,0.0,0.0
trans_sess_0025_1,sess_0025,1,1.0,0.0,0.0,0.114,0.7123,0.2646,0.29,0.0,0.0,2.0,0.0,1.0,0.2,0.0,1.0,2.0,0.0,0.0
trans_sess_0025_2,sess_0025,2,0.0,0.0,0.0,0.2596,0.5912,0.6212,0.4875,0.0,0.0,0.0,0.0,3.0,0.4,1.0,2.0,3.0,0.0,1.0
trans_sess_0025_3,sess_0025,3,0.0,0.0,0.0,0.1273,0.6522,0.5832,0.5252,0.0,0.0,0.0,0.0,3.0,0.4,1.0,3.0,4.0,0.0,2.0
trans_sess_0026_0,sess_0026,0,0.0,0.0,0.0,0.2741,0.6616,0.4443,0.3047,1.0,3.0,4.0,0.0,3.0,0.2,0.0,0.0,1.0,0.0,0.0
trans_sess_0026_1,sess_0026,1,1.0,0.0,0.0,0.3149,0.8255,0.3301,0.368,0.0,0.0,2.0,0.0,1.0,0.2,0.0,1.0,2.0,0.0,0.0
trans_sess_0026_2,sess_0026,2,1.0,0.0,0.0,0.2016,0.7869,0.2728,0.348,1.0,2.0,2.0,0.0,3.0,0.2,0.0,2.0,3.0,0.0,0.0
trans_sess_0026_3,sess_0026,3,1.0,0.0,0.0,0.2347,0.4741,0.2553,0.1573,0.0,0.0,2.0,0.0,2.0,0.6,0.0,3.0,4.0,0.0,0.0
trans_sess_0027_0,sess_0027,0,0.0,0.0,0.0,0.1284,0.7218,0.4702,0.3052,1.0,3.0,4.0,0.0,1.0,0.2,0.0,0.0,1.0,0.0,0.0
trans_sess_0027_1,sess_0027,1,0.0,0.0,0.0,0.3803,0.4396,0.3797,0.5944,0.0,0.0,0.0,0.0,3.0,0.4,1.0,1.0,2.0,0.0,1.0
trans_sess_0027_2,sess_0027,2,0.0,0.0,0.0,0.2807,0.5474,0.35,0.5911,0.0,0.0,0.0,0.0,3.0,0.4,1.0,2.0,3.0,0.0,2.0
trans_sess_0027_3,sess_0027,3,0.0,0.0,0.0,0.1456,0.6036,0.5867,0.506,0.0,0.0,0.0,0.0,3.0,0.4,1.0,3.0,4.0,0.0,3.0
trans_sess_0028_0,sess_0028,0,0.0,0.0,0.0,0.1089,0.5441,0.345,0.3669,1.0,3.0,4.0,0.0,3.0,0.2,0.0,0.0,1.0,0.0,0.0
trans_sess_0028_1,sess_0028,1,1.0,0.0,0.0,0.0711,0.7004,0.3076,0.2445,0.0,0.0,2.0,0.0,1.0,0.2,0.0,1.0,2.0,0.0,0.0
trans_sess_0028_2,sess_0028,2,1.0,0.0,0.0,0.1414,0.5465,0.3057,0.2161,1.0,2.0,2.0,0.0,2.0,0.2,0.0,2.0,3.0,0.0,0.0
trans_sess_0028_3,sess_0028,3,1.0,0.0,0.0,0.3072,0.6535,0.294,0.315,0.0,0.0,2.0,0.0,1.0,0.6,0.0,3.0,4.0,0.0,0.0
trans_sess_0029_0,sess_0029,0,0.0,0.0,0.0,0.141,0.6279,0.3991,0.353,1.0,2.0,4.0,0.0,1.0,0.2,0.0,0.0,1.0,0.0,0.0
trans_sess_0029_1,sess_0029,1,1.0,0.0,0.0,0.1076,0.5924,0.328,0.1389,0.0,0.0,4.0,0.0,1.0,0.2,0.0,1.0,2.0,0.0,0.0
trans_sess_0029_2,sess_0029,2,1.0,1.0,1.0,0.1727,0.3093,1.1474,0.8701,1.0,1.0,1.0,1.0,5.0,0.9,0.0,2.0,3.0,1.0,1.0
trans_sess_0029_3,sess_0029,3,1.0,1.0,1.0,0.4865,0.2249,1.3195,1.0343,1.0,3.0,1.0,1.0,5.0,0.9,0.0,3.0,4.0,1.0,2.0
trans_sess_0030_0,sess_0030,0,0.0,0.0,0.0,0.1398,0.5544,0.2215,0.3142,1.0,3.0,4.0,0.0,2.0,0.2,0.0,0.0,1.0,0.0,0.0
trans_sess_0030_1,sess_0030,1,1.0,0.0,0.0,0.0895,0.5078,0.2983,0.2243,0.0,0.0,2.0,0.0,2.0,0.2,0.0,1.0,2.0,0.0,0.0
trans_sess_0030_2,sess_0030,2,1.0,0.0,0.0,0.285,0.7382,0.3494,0.4036,1.0,3.0,4.0,0.0,3.0,0.2,0.0,2.0,3.0,0.0,0.0
trans_sess_0030_3,sess_0030,3,1.0,0.0,0.0,0.1562,0.5639,0.4718,0.3377,0.0,0.0,4.0,0.0,1.0,0.6,0.0,3.0,4.0,0.0,0.0
trans_sess_0031_0,sess_0031,0,0.0,0.0,0.0,0.067,0.631,0.28,0.2032,1.0,3.0,4.0,0.0,3.0,0.2,0.0,0.0,1.0,0.0,0.0
trans_sess_0031_1,sess_0031,1,0.0,0.0,0.0,0.3241,0.7028,0.4101,0.6563,0.0,0.0,0.0,0.0,3.0,0.4,1.0,1.0,2.0,0.0,1.0
trans_sess_0031_2,sess_0031,2,0.0,0.0,0.0,0.1979,0.511,0.4908,0.5136,0.0,0.0,0.0,0.0,3.0,0.4,1.0,2.0,3.0,0.0,2.0
trans_sess_0031_3,sess_0031,3,0.0,0.0,0.0,0.2539,0.4835,0.577,0.595,0.0,0.0,0.0,0.0,3.0,0.4,1.0,3.0,4.0,0.0,3.0
trans_sess_0032_0,sess_0032,0,0.0,0.0,0.0,0.1309,0.5592,0.3039,0.3529,1.0,2.0,4.0,0.0,1.0,0.2,0.0,0.0,1.0,0.0,0.0
trans_sess_0032_1,sess_0032,1,1.0,0.0,0.0,0.1901,0.5522,0.3579,0.3526,0.0,0.0,4.0,0.0,1.0,0.2,0.0,1.0,2.0,0.0,0.0
trans_sess_0032_2,sess_0032,2,1.0,0.0,0.0,0.0164,0.7043,0.297,0.3399,1.0,2.0,4.0,0.0,2.0,0.2,0.0,2.0,3.0,0.0,0.0
trans_sess_0032_3,sess_0032,3,1.0,0.0,0.0,0.0889,0.4695,0.2198,0.3034,0.0,0.0,2.0,0.0,3.0,0.6,0.0,3.0,4.0,0.0,0.0
trans_sess_0033_0,sess_0033,0,0.0,0.0,0.0,0.1708,0.5596,0.4011,0.1837,1.0,3.0,4.0,0.0,2.0,0.2,0.0,0.0,1.0,0.0,0.0
trans_sess_0033_1,sess_0033,1,1.0,0.0,0.0,0.1447,0.5289,0.2979,0.3033,0.0,0.0,4.0,0.0,3.0,0.2,0.0,1.0,2.0,0.0,0.0
trans_sess_0033_2,sess_0033,2,1.0,0.0,0.0,0.0812,0.6115,0.4305,0.2596,1.0,3.0,2.0,0.0,1.0,0.2,0.0,2.0,3.0,0.0,0.0
trans_sess_0033_3,sess_0033,3,0.0,0.0,0.0,0.3169,0.4596,0.603,0.7442,0.0,0.0,0.0,0.0,3.0,0.4,1.0,3.0,4.0,0.0,1.0
trans_sess_0034_0,sess_0034,0,0.0,0.0,0.0,-0.0477,0.5703,0.3962,0.2858,1.0,3.0,2.0,0.0,2.0,0.2,0.0,0.0,1.0,0.0,0.0
trans_sess_0034_1,sess_0034,1,1.0,0.0,0.0,0.1797,0.5896,0.3569,0.2891,0.0,0.0,4.0,0.0,1.0,0.2,0.0,1.0,2.0,0.0,0.0
trans_sess_0034_2,sess_0034,2,1.0,0.0,0.0,0.2434,0.6754,0.377,0.2712,1.0,3.0,4.0,0.0,2.0,0.2,0.0,2.0,3.0,0.0,0.0
trans_sess_0034_3,sess_0034,3,1.0,0.0,0.0,0.111,0.6067,0.3816,0.2705,0.0,0.0,4.0,0.0,2.0,0.6,0.0,3.0,4.0,0.0,0.0
trans_sess_0035_0,sess_0035,0,0.0,0.0,0.0,0.1732,0.8575,0.4197,0.2772,1.0,3.0,4.0,0.0,1.0,0.2,0.0,0.0,1.0,0.0,0.0
trans_sess_0035_1,sess_0035,1,1.0,0.0,0.0,0.2461,0.6092,0.187,0.2294,0.0,0.0,2.0,0.0,3.0,0.2,0.0,1.0,2.0,0.0,0.0
trans_sess_0035_2,sess_0035,2,1.0,0.0,0.0,0.0003,0.6148,0.3515,0.4174,1.0,3.0,2.0,0.0,1.0,0.2,0.0,2.0,3.0,0.0,0.0
trans_sess_0035_3,sess_0035,3,0.0,0.0,0.0,0.2762,0.5325,0.6329,0.4,0.0,0.0,0.0,0.0,3.0,0.4,1.0,3.0,4.0,0.0,1.0
trans_sess_0036_0,sess_0036,0,0.0,0.0,0.0,0.1688,0.7271,0.2317,0.3801,1.0,3.0,2.0,0.0,2.0,0.2,0.0,0.0,1.0,0.0,0.0
trans_sess_0036_1,sess_0036,1,1.0,0.0,0.0,0.1771,0.6085,0.4006,0.4589,0.0,0.0,4.0,0.0,3.0,0.2,0.0,1.0,2.0,0.0,0.0
trans_sess_0036_2,sess_0036,2,1.0,0.0,0.0,0.1645,0.6748,0.3133,0.2405,1.0,2.0,4.0,0.0,2.0,0.2,0.0,2.0,3.0,0.0,0.0
trans_sess_0036_3,sess_0036,3,1.0,0.0,0.0,0.2164,0.5644,0.3557,0.2666,0.0,0.0,4.0,0.0,1.0,0.6,0.0,3.0,4.0,0.0,0.0
trans_sess_0037_0,sess_0037,0,0.0,0.0,0.0,0.1883,0.6834,0.433,0.2643,1.0,3.0,2.0,0.0,3.0,0.2,0.0,0.0,1.0,0.0,0.0
trans_sess_0037_1,sess_0037,1,1.0,1.0,1.0,0.3595,0.1217,0.8967,0.9453,1.0,1.0,1.0,0.0,5.0,0.9,0.0,1.0,2.0,1.0,1.0
trans_sess_0037_2,sess_0037,2,1.0,1.0,1.0,0.5135,0.1262,1.0544,1.0627,1.0,3.0,1.0,0.0,5.0,0.9,0.0,2.0,3.0,1.0,2.0
trans_sess_0037_3,sess_0037,3,1.0,1.0,1.0,0.462,0.35,0.8571,0.7506,1.0,3.0,1.0,1.0,5.0,0.9,0.0,3.0,4.0,1.0,3.0
trans_sess_0038_0,sess_0038,0,0.0,0.0,0.0,0.0077,0.7996,0.4023,0.2961,1.0,2.0,4.0,0.0,2.0,0.2,0.0,0.0,1.0,0.0,0.0
trans_sess_0038_1,sess_0038,1,1.0,0.0,0.0,0.1724,0.5375,0.5457,0.309,0.0,0.0,4.0,0.0,1.0,0.2,0.0,1.0,2.0,0.0,0.0
trans_sess_0038_2,sess_0038,2,1.0,0.0,0.0,0.1588,0.7226,0.3885,0.3157,1.0,3.0,4.0,0.0,3.0,0.2,0.0,2.0,3.0,0.0,0.0
trans_sess_0038_3,sess_0038,3,1.0,0.0,0.0,0.0868,0.6971,0.5006,0.3942,0.0,0.0,2.0,0.0,2.0,0.6,0.0,3.0,4.0,0.0,0.0
trans_sess_0039_0,sess_0039,0,0.0,0.0,0.0,0.2775,0.5989,0.2708,0.2912,1.0,3.0,2.0,0.0,1.0,0.2,0.0,0.0,1.0,0.0,0.0
trans_sess_0039_1,sess_0039,1,1.0,0.0,0.0,0.1545,0.7594,0.2146,0.4071,0.0,0.0,2.0,0.0,1.0,0.2,0.0,1.0,2.0,0.0,0.0
trans_sess_0039_2,sess_0039,2,0.0,0.0,0.0,0.2374,0.5158,0.4488,0.4345,0.0,0.0,0.0,0.0,3.0,0.4,1.0,2.0,3.0,0.0,1.0
trans_sess_0039_3,sess_0039,3,0.0,0.0,0.0,0.3159,0.5559,0.421,0.4705,0.0,0.0,0.0,0.0,3.0,0.4,1.0,3.0,4.0,0.0,2.0
trans_sess_0040_0,sess_0040,0,0.0,0.0,0.0,0.1231,0.8169,0.3292,0.1948,1.0,3.0,4.0,0.0,2.0,0.2,0.0,0.0,1.0,0.0,0.0
trans_sess_0040_1,sess_0040,1,1.0,0.0,0.0,0.1303,0.6227,0.1342,0.2962,0.0,0.0,4.0,0.0,2.0,0.2,0.0,1.0,2.0,0.0,0.0
trans_sess_0040_2,sess_0040,2,1.0,0.0,0.0,0.1315,0.7196,0.4979,0.3789,1.0,2.0,2.0,0.0,2.0,0.2,0.0,2.0,3.0,0.0,0.0
trans_sess_0040_3,sess_0040,3,1.0,0.0,0.0,0.1285,0.5393,0.5559,0.3041,0.0,0.0,4.0,0.0,3.0,0.6,0.0,3.0,4.0,0.0,0.0
trans_sess_0041_0,sess_0041,0,0.0,0.0,0.0,0.1511,0.6476,0.3658,0.2899,1.0,3.0,4.0,0.0,2.0,0.2,0.0,0.0,1.0,0.0,0.0
trans_sess_0041_1,sess_0041,1,0.0,0.0,0.0,0.2041,0.5063,0.5467,0.5457,0.0,0.0,0.0,0.0,3.0,0.4,1.0,1.0,2.0,0.0,1.0
trans_sess_0041_2,sess_0041,2,0.0,0.0,0.0,0.193,0.5585,0.5245,0.7504,0.0,0.0,0.0,0.0,3.0,0.4,1.0,2.0,3.0,0.0,2.0
trans_sess_0041_3,sess_0041,3,0.0,0.0,0.0,0.0379,0.6373,0.6746,0.4,0.0,0.0,0.0,0.0,3.0,0.4,1.0,3.0,4.0,0.0,3.0
trans_sess_0042_0,sess_0042,0,0.0,0.0,0.0,0.1226,0.6129,0.2374,0.2456,1.0,2.0,4.0,0.0,2.0,0.2,0.0,0.0,1.0,0.0,0.0
trans_sess_0042_1,sess_0042,1,1.0,0.0,0.0,0.0612,0.8252,0.4249,0.389,0.0,0.0,4.0,0.0,1.0,0.2,0.0,1.0,2.0,0.0,0.0
trans_sess_0042_2,sess_0042,2,1.0,0.0,0.0,0.2077,0.5371,0.308,0.3343,1.0,3.0,4.0,0.0,3.0,0.2,0.0,2.0,3.0,0.0,0.0
trans_sess_0042_3,sess_0042,3,1.0,0.0,0.0,0.0522,0.7213,0.3308,0.2738,0.0,0.0,4.0,0.0,3.0,0.6,0.0,3.0,4.0,0.0,0.0
trans_sess_0043_0,sess_0043,0,0.0,0.0,0.0,0.2069,0.6944,0.3211,0.3812,1.0,2.0,2.0,0.0,3.0,0.2,0.0,0.0,1.0,0.0,0.0
trans_sess_0043_1,sess_0043,1,1.0,0.0,0.0,0.0635,0.7116,0.3974,0.2783,0.0,0.0,4.0,0.0,1.0,0.2,0.0,1.0,2.0,0.0,0.0
trans_sess_0043_2,sess_0043,2,1.0,0.0,0.0,0.3826,0.2999,0.9109,0.8278,1.0,1.0,1.0,1.0,4.0,0.95,0.0,2.0,3.0,1.0,1.0
trans_sess_0043_3,sess_0043,3,1.0,0.0,0.0,0.2977,0.4839,0.7155,0.681,1.0,1.0,1.0,0.0,4.0,0.95,0.0,3.0,4.0,1.0,2.0
trans_sess_0044_0,sess_0044,0,0.0,0.0,0.0,0.0255,0.7106,0.2476,0.4228,1.0,2.0,4.0,0.0,2.0,0.2,0.0,0.0,1.0,0.0,0.0
trans_sess_0044_1,sess_0044,1,1.0,0.0,0.0,-0.0166,0.8196,0.3669,0.2932,0.0,0.0,4.0,0.0,2.0,0.2,0.0,1.0,2.0,0.0,0.0
trans_sess_0044_2,sess_0044,2,1.0,0.0,0.0,0.1064,0.6899,0.347,0.3772,1.0,3.0,4.0,0.0,2.0,0.2,0.0,2.0,3.0,0.0,0.0
trans_sess_0044_3,sess_0044,3,1.0,0.0,0.0,0.1591,0.665,0.3209,0.296,0.0,0.0,2.0,0.0,2.0,0.6,0.0,3.0,4.0,0.0,0.0
trans_sess_0045_0,sess_0045,0,0.0,0.0,0.0,0.1746,0.479,0.2421,0.352,1.0,2.0,2.0,0.0,1.0,0.2,0.0,0.0,1.0,0.0,0.0
trans_sess_0045_1,sess_0045,1,1.0,0.0,0.0,0.3671,0.3853,0.8022,0.8917,1.0,1.0,1.0,0.0,4.0,0.95,0.0,1.0,2.0,1.0,1.0
trans_sess_0045_2,sess_0045,2,1.0,0.0,0.0,0.296,0.3377,0.8235,0.7326,1.0,1.0,1.0,0.0,4.0,0.95,0.0,2.0,3.0,1.0,2.0
trans_sess_0045_3,sess_0045,3,1.0,0.0,0.0,0.3908,0.2638,0.9235,0.9067,1.0,1.0,1.0,0.0,4.0,0.95,0.0,3.0,4.0,1.0,3.0
trans_sess_0046_0,sess_0046,0,0.0,0.0,0.0,0.1705,0.7483,0.4832,0.371,1.0,3.0,2.0,0.0,3.0,0.2,0.0,0.0,1.0,0.0,0.0
trans_sess_0046_1,sess_0046,1,1.0,0.0,0.0,0.0027,0.522,0.3,0.3018,0.0,0.0,2.0,0.0,2.0,0.2,0.0,1.0,2.0,0.0,0.0
trans_sess_0046_2,sess_0046,2,1.0,0.0,0.0,0.1914,0.5774,0.3649,0.2471,1.0,3.0,4.0,0.0,1.0,0.2,0.0,2.0,3.0,0.0,0.0
trans_sess_0046_3,sess_0046,3,1.0,0.0,0.0,0.1011,0.5093,0.2761,0.2054,0.0,0.0,2.0,0.0,1.0,0.6,0.0,3.0,4.0,0.0,0.0
trans_sess_0047_0,sess_0047,0,0.0,0.0,0.0,0.0719,0.7554,0.274,0.4843,1.0,3.0,4.0,0.0,3.0,0.2,0.0,0.0,1.0,0.0,0.0
trans_sess_0047_1,sess_0047,1,1.0,0.0,0.0,0.1895,0.6685,0.2813,0.349,0.0,0.0,2.0,0.0,1.0,0.2,0.0,1.0,2.0,0.0,0.0
trans_sess_0047_2,sess_0047,2,1.0,0.0,0.0,0.1039,0.6622,0.5548,0.2933,1.0,2.0,2.0,0.0,3.0,0.2,0.0,2.0,3.0,0.0,0.0
trans_sess_0047_3,sess_0047,3,1.0,0.0,0.0,0.4649,0.3437,0.7958,1.0625,1.0,1.0,1.0,1.0,4.0,0.95,0.0,3.0,4.0,1.0,1.0
trans_sess_0048_0,sess_0048,0,0.0,0.0,0.0,0.0998,0.8312,0.4066,0.2606,1.0,3.0,4.0,0.0,3.0,0.2,0.0,0.0,1.0,0.0,0.0
trans_sess_0048_1,sess_0048,1,1.0,0.0,0.0,0.2006,0.7473,0.3997,0.1901,0.0,0.0,4.0,0.0,1.0,0.2,0.0,1.0,2.0,0.0,0.0
trans_sess_0048_2,sess_0048,2,1.0,0.0,0.0,0.0918,0.6252,0.344,0.3434,1.0,3.0,2.0,0.0,2.0,0.2,0.0,2.0,3.0,0.0,0.0
trans_sess_0048_3,sess_0048,3,1.0,0.0,0.0,0.1642,0.5165,0.3804,0.3427,0.0,0.0,4.0,0.0,1.0,0.6,0.0,3.0,4.0,0.0,0.0
trans_sess_0049_0,sess_0049,0,0.0,0.0,0.0,0.1948,0.7581,0.4167,0.3321,1.0,3.0,4.0,0.0,2.0,0.2,0.0,0.0,1.0,0.0,0.0
trans_sess_0049_1,sess_0049,1,1.0,0.0,0.0,0.1444,0.4839,0.3844,0.3145,0.0,0.0,4.0,0.0,3.0,0.2,0.0,1.0,2.0,0.0,0.0
trans_sess_0049_2,sess_0049,2,1.0,1.0,1.0,0.4407,0.0979,0.8203,1.0264,1.0,3.0,1.0,1.0,5.0,0.9,0.0,2.0,3.0,1.0,1.0
trans_sess_0049_3,sess_0049,3,1.0,1.0,1.0,0.3941,0.2545,0.9534,0.9036,1.0,1.0,1.0,0.0,5.0,0.9,0.0,3.0,4.0,1.0,2.0
trans_sess_0050_0,sess_0050,0,0.0,0.0,0.0,0.2251,0.5984,0.3577,0.2676,1.0,3.0,4.0,0.0,1.0,0.2,0.0,0.0,1.0,0.0,0.0
trans_sess_0050_1,sess_0050,1,1.0,0.0,0.0,0.1152,0.6191,0.3678,0.2665,0.0,0.0,4.0,0.0,2.0,0.2,0.0,1.0,2.0,0.0,0.0
trans_sess_0050_2,sess_0050,2,1.0,0.0,0.0,0.2505,0.5605,0.3351,0.2692,1.0,2.0,4.0,0.0,1.0,0.2,0.0,2.0,3.0,0.0,0.0
trans_sess_0050_3,sess_0050,3,1.0,0.0,0.0,0.2658,0.6697,0.4325,0.196,0.0,0.0,4.0,0.0,2.0,0.6,0.0,3.0,4.0,0.0,0.0
trans_sess_0051_0,sess_0051,0,0.0,0.0,0.0,0.1714,0.739,0.3566,0.3746,1.0,2.0,2.0,0.0,3.0,0.2,0.0,0.0,1.0,0.0,0.0
trans_sess_0051_1,sess_0051,1,1.0,0.0,0.0,0.1086,0.7909,0.5339,0.2746,0.0,0.0,4.0,0.0,2.0,0.2,0.0,1.0,2.0,0.0,0.0
trans_sess_0051_2,sess_0051,2,1.0,0.0,0.0,0.1144,0.7953,0.4764,0.2634,1.0,2.0,4.0,0.0,3.0,0.2,0.0,2.0,3.0,0.0,0.0
trans_sess_0051_3,sess_0051,3,1.0,1.0,1.0,0.337,0.1775,0.7887,0.7898,1.0,3.0,1.0,1.0,5.0,0.9,0.0,3.0,4.0,1.0,1.0
trans_sess_0052_0,sess_0052,0,0.0,0.0,0.0,0.0697,0.5732,0.3472,0.3164,1.0,3.0,2.0,0.0,2.0,0.2,0.0,0.0,1.0,0.0,0.0
trans_sess_0052_1,sess_0052,1,1.0,0.0,0.0,0.274,0.5502,0.4287,0.285,0.0,0.0,4.0,0.0,2.0,0.2,0.0,1.0,2.0,0.0,0.0
trans_sess_0052_2,sess_0052,2,1.0,0.0,0.0,0.146,0.7175,0.2602,0.3268,1.0,3.0,4.0,0.0,3.0,0.2,0.0,2.0,3.0,0.0,0.0
trans_sess_0052_3,sess_0052,3,1.0,0.0,0.0,0.1633,0.6992,0.3731,0.4719,0.0,0.0,4.0,0.0,2.0,0.6,0.0,3.0,4.0,0.0,0.0
trans_sess_0053_0,sess_0053,0,0.0,0.0,0.0,0.099,0.5969,0.3001,0.2611,1.0,2.0,2.0,0.0,2.0,0.2,0.0,0.0,1.0,0.0,0.0
trans_sess_0053_1,sess_0053,1,1.0,0.0,0.0,0.099,0.7689,0.4636,0.26,0.0,0.0,2.0,0.0,3.0,0.2,0.0,1.0,2.0,0.0,0.0
trans_sess_0053_2,sess_0053,2,1.0,1.0,1.0,0.2751,0.2377,0.8837,0.976,1.0,1.0,1.0,0.0,5.0,0.9,0.0,2.0,3.0,1.0,1.0
trans_sess_0053_3,sess_0053,3,1.0,1.0,1.0,0.4304,0.0787,1.1357,1.1155,1.0,1.0,1.0,1.0,5.0,0.9,0.0,3.0,4.0,1.0,2.0
trans_sess_0054_0,sess_0054,0,0.0,0.0,0.0,0.101,0.6112,0.3729,0.3234,1.0,2.0,4.0,0.0,1.0,0.2,0.0,0.0,1.0,0.0,0.0
trans_sess_0054_1,sess_0054,1,1.0,0.0,0.0,0.2027,0.851,0.3358,0.2441,0.0,0.0,4.0,0.0,1.0,0.2,0.0,1.0,2.0,0.0,0.0
trans_sess_0054_2,sess_0054,2,1.0,0.0,0.0,0.0397,0.5769,0.3473,0.4256,1.0,3.0,2.0,0.0,3.0,0.2,0.0,2.0,3.0,0.0,0.0
trans_sess_0054_3,sess_0054,3,1.0,0.0,0.0,0.1086,0.6724,0.3487,0.3832,0.0,0.0,2.0,0.0,2.0,0.6,0.0,3.0,4.0,0.0,0.0
trans_sess_0055_0,sess_0055,0,0.0,0.0,0.0,0.3522,0.5969,0.3108,0.3731,1.0,2.0,2.0,0.0,3.0,0.2,0.0,0.0,1.0,0.0,0.0
trans_sess_0055_1,sess_0055,1,1.0,0.0,0.0,0.2046,0.8347,0.3967,0.2748,0.0,0.0,4.0,0.0,2.0,0.2,0.0,1.0,2.0,0.0,0.0
trans_sess_0055_2,sess_0055,2,1.0,0.0,0.0,0.1973,0.7609,0.4156,0.3355,1.0,3.0,4.0,0.0,2.0,0.2,0.0,2.0,3.0,0.0,0.0
trans_sess_0055_3,sess_0055,3,0.0,0.0,0.0,0.3853,0.5935,0.7882,0.7149,1.0,2.0,1.0,1.0,2.0,0.95,0.0,3.0,4.0,0.0,1.0
trans_sess_0056_0,sess_0056,0,0.0,0.0,0.0,0.1366,0.6647,0.4465,0.2428,1.0,2.0,2.0,0.0,2.0,0.2,0.0,0.0,1.0,0.0,0.0
trans_sess_0056_1,sess_0056,1,1.0,0.0,0.0,0.1795,0.6107,0.3523,0.3895,0.0,0.0,4.0,0.0,1.0,0.2,0.0,1.0,2.0,0.0,0.0
trans_sess_0056_2,sess_0056,2,1.0,0.0,0.0,0.1653,0.6546,0.2412,0.3522,1.0,2.0,2.0,0.0,1.0,0.2,0.0,2.0,3.0,0.0,0.0
trans_sess_0056_3,sess_0056,3,1.0,0.0,0.0,0.2016,0.8663,0.3254,0.3153,0.0,0.0,4.0,0.0,1.0,0.6,0.0,3.0,4.0,0.0,0.0
trans_sess_0057_0,sess_0057,0,0.0,0.0,0.0,0.17,0.8077,0.3424,0.3195,1.0,3.0,4.0,0.0,2.0,0.2,0.0,0.0,1.0,0.0,0.0
trans_sess_0057_1,sess_0057,1,1.0,0.0,0.0,0.1986,0.6687,0.3143,0.3136,0.0,0.0,4.0,0.0,2.0,0.2,0.0,1.0,2.0,0.0,0.0
trans_sess_0057_2,sess_0057,2,1.0,0.0,0.0,0.2359,0.5473,0.3606,0.251,1.0,2.0,2.0,0.0,1.0,0.2,0.0,2.0,3.0,0.0,0.0
trans_sess_0057_3,sess_0057,3,0.0,0.0,0.0,0.3956,0.3781,0.5941,0.6877,1.0,2.0,1.0,1.0,2.0,0.95,0.0,3.0,4.0,0.0,1.0
trans_sess_0058_0,sess_0058,0,0.0,0.0,0.0,0.2752,0.6434,0.3056,0.4317,1.0,2.0,2.0,0.0,1.0,0.2,0.0,0.0,1.0,0.0,0.0
trans_sess_0058_1,sess_0058,1,1.0,0.0,0.0,0.0342,0.4301,0.3852,0.2649,0.0,0.0,2.0,0.0,1.0,0.2,0.0,1.0,2.0,0.0,0.0
trans_sess_0058_2,sess_0058,2,1.0,0.0,0.0,0.0683,0.7208,0.3695,0.2605,1.0,2.0,4.0,0.0,2.0,0.2,0.0,2.0,3.0,0.0,0.0
trans_sess_0058_3,sess_0058,3,1.0,0.0,0.0,0.0476,0.7372,0.402,0.2931,0.0,0.0,4.0,0.0,2.0,0.6,0.0,3.0,4.0,0.0,0.0
trans_sess_0059_0,sess_0059,0,0.0,0.0,0.0,0.2977,0.543,0.228,0.2516,1.0,2.0,2.0,0.0,2.0,0.2,0.0,0.0,1.0,0.0,0.0
trans_sess_0059_1,sess_0059,1,1.0,0.0,0.0,0.1464,0.6743,0.3307,0.3246,0.0,0.0,2.0,0.0,2.0,0.2,0.0,1.0,2.0,0.0,0.0
trans_sess_0059_2,sess_0059,2,1.0,0.0,0.0,0.0499,0.7944,0.3434,0.3782,1.0,2.0,2.0,0.0,3.0,0.2,0.0,2.0,3.0,0.0,0.0
trans_sess_0059_3,sess_0059,3,0.0,0.0,0.0,0.3274,0.5365,0.707,0.6948,1.0,2.0,1.0,1.0,2.0,0.95,0.0,3.0,4.0,0.0,1.0
trans_sess_0060_0,sess_0060,0,0.0,0.0,0.0,0.2014,0.7829,0.3657,0.3496,1.0,2.0,2.0,0.0,2.0,0.2,0.0,0.0,1.0,0.0,0.0
trans_sess_0060_1,sess_0060,1,1.0,0.0,0.0,0.1428,0.794,0.2959,0.4261,0.0,0.0,4.0,0.0,2.0,0.2,0.0,1.0,2.0,0.0,0.0
trans_sess_0060_2,sess_0060,2,1.0,0.0,0.0,0.1468,0.5069,0.3602,0.2523,1.0,2.0,4.0,0.0,3.0,0.2,0.0,2.0,3.0,0.0,0.0
trans_sess_0060_3,sess_0060,3,1.0,0.0,0.0,0.2173,0.5847,0.3143,0.1677,0.0,0.0,4.0,0.0,3.0,0.6,0.0,3.0,4.0,0.0,0.0
trans_sess_0061_0,sess_0061,0,0.0,0.0,0.0,0.1138,0.4076,0.2233,0.3532,1.0,2.0,4.0,0.0,3.0,0.2,0.0,0.0,1.0,0.0,0.0
trans_sess_0061_1,sess_0061,1,1.0,0.0,0.0,0.4286,0.434,0.684,0.8443,1.0,1.0,1.0,1.0,4.0,0.95,0.0,1.0,2.0,1.0,1.0
trans_sess_0061_2,sess_0061,2,1.0,0.0,0.0,0.3496,0.3073,0.9804,0.9553,1.0,1.0,1.0,1.0,4.0,0.95,0.0,2.0,3.0,1.0,2.0
trans_sess_0061_3,sess_0061,3,1.0,0.0,0.0,0.3279,0.4022,0.825,0.65,1.0,1.0,1.0,0.0,4.0,0.95,0.0,3.0,4.0,1.0,3.0
trans_sess_0062_0,sess_0062,0,0.0,0.0,0.0,0.1302,0.5818,0.2699,0.2803,1.0,2.0,2.0,0.0,2.0,0.2,0.0,0.0,1.0,0.0,0.0
trans_sess_0062_1,sess_0062,1,1.0,0.0,0.0,0.2938,0.7141,0.3043,0.3401,0.0,0.0,4.0,0.0,2.0,0.2,0.0,1.0,2.0,0.0,0.0
trans_sess_0062_2,sess_0062,2,1.0,0.0,0.0,0.2619,0.7425,0.3548,0.2547,1.0,2.0,4.0,0.0,3.0,0.2,0.0,2.0,3.0,0.0,0.0
trans_sess_0062_3,sess_0062,3,1.0,0.0,0.0,0.2059,0.6893,0.4216,0.3445,0.0,0.0,4.0,0.0,1.0,0.6,0.0,3.0,4.0,0.0,0.0
trans_sess_0063_0,sess_0063,0,0.0,0.0,0.0,0.234,0.5965,0.4554,0.3138,1.0,2.0,2.0,0.0,2.0,0.2,0.0,0.0,1.0,0.0,0.0
trans_sess_0063_1,sess_0063,1,1.0,0.0,0.0,0.316,0.5811,0.4889,0.3139,0.0,0.0,4.0,0.0,3.0,0.2,0.0,1.0,2.0,0.0,0.0
trans_sess_0063_2,sess_0063,2,1.0,0.0,0.0,0.2849,0.3613,0.7616,0.9009,1.0,1.0,1.0,1.0,4.0,0.95,0.0,2.0,3.0,1.0,1.0
trans_sess_0063_3,sess_0063,3,1.0,0.0,0.0,0.4023,0.3541,0.7971,1.1071,1.0,1.0,1.0,1.0,4.0,0.95,0.0,3.0,4.0,1.0,2.0
trans_sess_0064_0,sess_0064,0,0.0,0.0,0.0,0.2882,0.6936,0.353,0.3084,1.0,2.0,4.0,0.0,2.0,0.2,0.0,0.0,1.0,0.0,0.0
trans_sess_0064_1,sess_0064,1,1.0,0.0,0.0,0.1991,0.5477,0.3294,0.1832,0.0,0.0,4.0,0.0,1.0,0.2,0.0,1.0,2.0,0.0,0.0
trans_sess_0064_2,sess_0064,2,1.0,0.0,0.0,0.1819,0.7147,0.3113,0.4102,1.0,3.0,2.0,0.0,3.0,0.2,0.0,2.0,3.0,0.0,0.0
trans_sess_0064_3,sess_0064,3,1.0,0.0,0.0,0.0519,0.5036,0.368,0.3733,0.0,0.0,4.0,0.0,2.0,0.6,0.0,3.0,4.0,0.0,0.0
trans_sess_0065_0,sess_0065,0,0.0,0.0,0.0,0.2847,0.6041,0.4363,0.2973,1.0,2.0,2.0,0.0,2.0,0.2,0.0,0.0,1.0,0.0,0.0
trans_sess_0065_1,sess_0065,1,1.0,0.0,0.0,0.1362,0.7384,0.4022,0.1897,0.0,0.0,2.0,0.0,2.0,0.2,0.0,1.0,2.0,0.0,0.0
trans_sess_0065_2,sess_0065,2,1.0,0.0,0.0,0.2681,0.788,0.3,0.3277,1.0,3.0,4.0,0.0,1.0,0.2,0.0,2.0,3.0,0.0,0.0
trans_sess_0065_3,sess_0065,3,0.0,0.0,0.0,0.3395,0.5209,0.595,0.5828,1.0,2.0,1.0,1.0,2.0,0.95,0.0,3.0,4.0,0.0,1.0
trans_sess_0066_0,sess_0066,0,0.0,0.0,0.0,0.148,0.7673,0.3935,0.2741,1.0,3.0,2.0,0.0,3.0,0.2,0.0,0.0,1.0,0.0,0.0
trans_sess_0066_1,sess_0066,1,1.0,0.0,0.0,0.2117,0.3651,0.4419,0.1782,0.0,0.0,4.0,0.0,1.0,0.2,0.0,1.0,2.0,0.0,0.0
trans_sess_0066_2,sess_0066,2,1.0,0.0,0.0,0.121,0.538,0.2464,0.3813,1.0,2.0,2.0,0.0,2.0,0.2,0.0,2.0,3.0,0.0,0.0
trans_sess_0066_3,sess_0066,3,1.0,0.0,0.0,0.1126,0.6847,0.3462,0.3334,0.0,0.0,2.0,0.0,3.0,0.6,0.0,3.0,4.0,0.0,0.0
trans_sess_0067_0,sess_0067,0,0.0,0.0,0.0,0.1561,0.5217,0.4297,0.2654,1.0,3.0,2.0,0.0,2.0,0.2,0.0,0.0,1.0,0.0,0.0
trans_sess_0067_1,sess_0067,1,1.0,0.0,0.0,0.0255,0.6072,0.4701,0.3595,0.0,0.0,2.0,0.0,2.0,0.2,0.0,1.0,2.0,0.0,0.0
trans_sess_0067_2,sess_0067,2,0.0,0.0,0.0,0.2721,0.4721,0.6178,0.8577,1.0,2.0,1.0,1.0,2.0,0.95,0.0,2.0,3.0,0.0,1.0
trans_sess_0067_3,sess_0067,3,0.0,0.0,0.0,0.3306,0.5344,0.753,0.6739,1.0,2.0,1.0,1.0,2.0,0.95,0.0,3.0,4.0,0.0,2.0
trans_sess_0068_0,sess_0068,0,0.0,0.0,0.0,0.1293,0.6304,0.3443,0.2974,1.0,3.0,4.0,0.0,2.0,0.2,0.0,0.0,1.0,0.0,0.0
trans_sess_0068_1,sess_0068,1,1.0,0.0,0.0,0.2082,0.6552,0.4086,0.2943,0.0,0.0,4.0,0.0,1.0,0.2,0.0,1.0,2.0,0.0,0.0
trans_sess_0068_2,sess_0068,2,1.0,0.0,0.0,0.1563,0.4502,0.4233,0.3243,1.0,3.0,4.0,0.0,3.0,0.2,0.0,2.0,3.0,0.0,0.0
trans_sess_0068_3,sess_0068,3,1.0,0.0,0.0,0.2298,0.3604,0.5171,0.2902,0.0,0.0,4.0,0.0,1.0,0.6,0.0,3.0,4.0,0.0,0.0
trans_sess_0069_0,sess_0069,0,0.0,0.0,0.0,0.2387,0.546,0.399,0.2263,1.0,3.0,4.0,0.0,2.0,0.2,0.0,0.0,1.0,0.0,0.0
trans_sess_0069_1,sess_0069,1,1.0,0.0,0.0,0.1001,0.8414,0.3347,0.3152,0.0,0.0,2.0,0.0,3.0,0.2,0.0,1.0,2.0,0.0,0.0
trans_sess_0069_2,sess_0069,2,1.0,0.0,0.0,0.437,0.4397,0.8181,0.8938,1.0,1.0,1.0,0.0,4.0,0.95,0.0,2.0,3.0,1.0,1.0
trans_sess_0069_3,sess_0069,3,1.0,0.0,0.0,0.5903,0.3954,0.8241,0.9761,1.0,1.0,1.0,1.0,4.0,0.95,0.0,3.0,4.0,1.0,2.0
trans_sess_0070_0,sess_0070,0,0.0,0.0,0.0,0.2384,0.7687,0.4011,0.22,1.0,3.0,4.0,0.0,2.0,0.2,0.0,0.0,1.0,0.0,0.0
trans_sess_0070_1,sess_0070,1,1.0,0.0,0.0,0.2807,0.5354,0.3742,0.2472,0.0,0.0,2.0,0.0,2.0,0.2,0.0,1.0,2.0,0.0,0.0
trans_sess_0070_2,sess_0070,2,1.0,0.0,0.0,0.1449,0.6829,0.3757,0.3295,1.0,2.0,2.0,0.0,3.0,0.2,0.0,2.0,3.0,0.0,0.0
trans_sess_0070_3,sess_0070,3,1.0,0.0,0.0,0.2791,0.6954,0.3305,0.3675,0.0,0.0,4.0,0.0,1.0,0.6,0.0,3.0,4.0,0.0,0.0
trans_sess_0071_0,sess_0071,0,0.0,0.0,0.0,0.2452,0.5272,0.3978,0.3491,1.0,3.0,2.0,0.0,1.0,0.2,0.0,0.0,1.0,0.0,0.0
trans_sess_0071_1,sess_0071,1,1.0,0.0,0.0,0.1262,0.7876,0.338,0.3088,0.0,0.0,4.0,0.0,2.0,0.2,0.0,1.0,2.0,0.0,0.0
trans_sess_0071_2,sess_0071,2,1.0,0.0,0.0,0.1362,0.6516,0.2623,0.1992,1.0,3.0,4.0,0.0,3.0,0.2,0.0,2.0,3.0,0.0,0.0
trans_sess_0071_3,sess_0071,3,1.0,1.0,1.0,0.6392,0.1322,0.831,0.7,1.0,1.0,1.0,1.0,5.0,0.9,0.0,3.0,4.0,1.0,1.0
trans_sess_0072_0,sess_0072,0,0.0,0.0,0.0,0.0989,0.5177,0.4814,0.3707,1.0,3.0,2.0,0.0,3.0,0.2,0.0,0.0,1.0,0.0,0.0
trans_sess_0072_1,sess_0072,1,1.0,0.0,0.0,0.0949,0.8752,0.4285,0.2773,0.0,0.0,2.0,0.0,1.0,0.2,0.0,1.0,2.0,0.0,0.0
trans_sess_0072_2,sess_0072,2,1.0,0.0,0.0,-0.05,0.8791,0.2388,0.1848,1.0,3.0,2.0,0.0,3.0,0.2,0.0,2.0,3.0,0.0,0.0
trans_sess_0072_3,sess_0072,3,1.0,0.0,0.0,0.2318,0.894,0.4607,0.3395,0.0,0.0,2.0,0.0,2.0,0.6,0.0,3.0,4.0,0.0,0.0
trans_sess_0073_0,sess_0073,0,0.0,0.0,0.0,0.1976,0.7353,0.4107,0.3197,1.0,2.0,2.0,0.0,2.0,0.2,0.0,0.0,1.0,0.0,0.0
trans_sess_0073_1,sess_0073,1,1.0,0.0,0.0,0.1583,0.6437,0.2897,0.2804,0.0,0.0,2.0,0.0,2.0,0.2,0.0,1.0,2.0,0.0,0.0
trans_sess_0073_2,sess_0073,2,1.0,0.0,0.0,0.0146,0.6402,0.2709,0.2227,1.0,3.0,4.0,0.0,2.0,0.2,0.0,2.0,3.0,0.0,0.0
trans_sess_0073_3,sess_0073,3,0.0,0.0,0.0,0.2644,0.6614,0.6418,0.4429,0.0,0.0,0.0,0.0,3.0,0.4,1.0,3.0,4.0,0.0,1.0
trans_sess_0074_0,sess_0074,0,0.0,0.0,0.0,0.0708,0.7441,0.2714,0.2843,1.0,2.0,2.0,0.0,1.0,0.2,0.0,0.0,1.0,0.0,0.0
trans_sess_0074_1,sess_0074,1,1.0,0.0,0.0,0.194,0.5532,0.3584,0.2066,0.0,0.0,4.0,0.0,3.0,0.2,0.0,1.0,2.0,0.0,0.0
trans_sess_0074_2,sess_0074,2,1.0,0.0,0.0,0.1019,0.682,0.2226,0.3308,1.0,2.0,4.0,0.0,3.0,0.2,0.0,2.0,3.0,0.0,0.0
trans_sess_0074_3,sess_0074,3,1.0,0.0,0.0,0.1484,0.7052,0.3679,0.3955,0.0,0.0,2.0,0.0,1.0,0.6,0.0,3.0,4.0,0.0,0.0
trans_sess_0075_0,sess_0075,0,0.0,0.0,0.0,0.16,0.6071,0.3598,0.338,1.0,3.0,4.0,0.0,3.0,0.2,0.0,0.0,1.0,0.0,0.0
trans_sess_0075_1,sess_0075,1,1.0,0.0,0.0,0.1539,0.6541,0.2938,0.2536,0.0,0.0,2.0,0.0,1.0,0.2,0.0,1.0,2.0,0.0,0.0
trans_sess_0075_2,sess_0075,2,1.0,0.0,0.0,0.0378,0.825,0.2505,0.2515,1.0,3.0,4.0,0.0,3.0,0.2,0.0,2.0,3.0,0.0,0.0
trans_sess_0075_3,sess_0075,3,0.0,0.0,0.0,0.1925,0.6216,0.5205,0.7248,0.0,0.0,0.0,0.0,3.0,0.4,1.0,3.0,4.0,0.0,1.0
trans_sess_0076_0,sess_0076,0,0.0,0.0,0.0,0.0961,0.6779,0.2832,0.4502,1.0,3.0,2.0,0.0,2.0,0.2,0.0,0.0,1.0,0.0,0.0
trans_sess_0076_1,sess_0076,1,1.0,0.0,0.0,0.055,0.681,0.4007,0.329,0.0,0.0,4.0,0.0,1.0,0.2,0.0,1.0,2.0,0.0,0.0
trans_sess_0076_2,sess_0076,2,1.0,0.0,0.0,0.1352,0.637,0.3535,0.2897,1.0,2.0,4.0,0.0,3.0,0.2,0.0,2.0,3.0,0.0,0.0
trans_sess_0076_3,sess_0076,3,1.0,0.0,0.0,0.2271,0.8711,0.3054,0.2041,0.0,0.0,4.0,0.0,3.0,0.6,0.0,3.0,4.0,0.0,0.0
trans_sess_0077_0,sess_0077,0,0.0,0.0,0.0,0.1429,0.908,0.2857,0.4147,1.0,2.0,4.0,0.0,2.0,0.2,0.0,0.0,1.0,0.0,0.0
trans_sess_0077_1,sess_0077,1,1.0,0.0,0.0,0.2842,0.5946,0.3955,0.414,0.0,0.0,2.0,0.0,3.0,0.2,0.0,1.0,2.0,0.0,0.0
trans_sess_0077_2,sess_0077,2,0.0,0.0,0.0,0.2197,0.5337,0.4918,0.4985,0.0,0.0,0.0,0.0,3.0,0.4,1.0,2.0,3.0,0.0,1.0
trans_sess_0077_3,sess_0077,3,0.0,0.0,0.0,0.1981,0.4521,0.5534,0.523,0.0,0.0,0.0,0.0,3.0,0.4,1.0,3.0,4.0,0.0,2.0
trans_sess_0078_0,sess_0078,0,0.0,0.0,0.0,0.1687,0.4944,0.3765,0.3583,1.0,2.0,2.0,0.0,3.0,0.2,0.0,0.0,1.0,0.0,0.0
trans_sess_0078_1,sess_0078,1,1.0,0.0,0.0,-0.0095,0.6874,0.4482,0.2153,0.0,0.0,2.0,0.0,2.0,0.2,0.0,1.0,2.0,0.0,0.0
trans_sess_0078_2,sess_0078,2,1.0,0.0,0.0,0.2838,0.6919,0.2936,0.2961,1.0,3.0,2.0,0.0,3.0,0.2,0.0,2.0,3.0,0.0,0.0
trans_sess_0078_3,sess_0078,3,1.0,0.0,0.0,0.1947,0.6576,0.3931,0.2356,0.0,0.0,4.0,0.0,3.0,0.6,0.0,3.0,4.0,0.0,0.0
trans_sess_0079_0,sess_0079,0,0.0,0.0,0.0,0.1635,0.5086,0.3411,0.2367,1.0,2.0,2.0,0.0,1.0,0.2,0.0,0.0,1.0,0.0,0.0
trans_sess_0079_1,sess_0079,1,1.0,0.0,0.0,0.0912,0.7736,0.4373,0.3426,0.0,0.0,4.0,0.0,3.0,0.2,0.0,1.0,2.0,0.0,0.0
trans_sess_0079_2,sess_0079,2,1.0,0.0,0.0,0.0626,0.6184,0.447,0.3099,1.0,3.0,2.0,0.0,2.0,0.2,0.0,2.0,3.0,0.0,0.0
trans_sess_0079_3,sess_0079,3,0.0,0.0,0.0,0.4855,0.5315,0.6692,0.6191,1.0,2.0,1.0,1.0,2.0,0.95,0.0,3.0,4.0,0.0,1.0
trans_sess_0080_0,sess_0080,0,0.0,0.0,0.0,0.1607,0.6348,0.4066,0.367,1.0,3.0,2.0,0.0,1.0,0.2,0.0,0.0,1.0,0.0,0.0
trans_sess_0080_1,sess_0080,1,1.0,0.0,0.0,0.0871,0.5169,0.2031,0.3356,0.0,0.0,2.0,0.0,3.0,0.2,0.0,1.0,2.0,0.0,0.0
trans_sess_0080_2,sess_0080,2,1.0,0.0,0.0,0.0617,0.4347,0.3811,0.4745,1.0,3.0,4.0,0.0,1.0,0.2,0.0,2.0,3.0,0.0,0.0
trans_sess_0080_3,sess_0080,3,1.0,0.0,0.0,0.1495,0.7338,0.3565,0.2931,0.0,0.0,4.0,0.0,1.0,0.6,0.0,3.0,4.0,0.0,0.0
trans_sess_0081_0,sess_0081,0,0.0,0.0,0.0,0.2235,0.621,0.3714,0.3225,1.0,3.0,4.0,0.0,3.0,0.2,0.0,0.0,1.0,0.0,0.0
trans_sess_0081_1,sess_0081,1,1.0,0.0,0.0,0.0966,0.7492,0.336,0.2471,0.0,0.0,4.0,0.0,1.0,0.2,0.0,1.0,2.0,0.0,0.0
trans_sess_0081_2,sess_0081,2,1.0,0.0,0.0,0.4037,0.3281,0.8034,0.8489,1.0,1.0,1.0,0.0,4.0,0.95,0.0,2.0,3.0,1.0,1.0
trans_sess_0081_3,sess_0081,3,1.0,0.0,0.0,0.4586,0.438,0.797,0.9481,1.0,1.0,1.0,1.0,4.0,0.95,0.0,3.0,4.0,1.0,2.0
trans_sess_0082_0,sess_0082,0,0.0,0.0,0.0,0.2612,0.7058,0.3508,0.2082,1.0,2.0,4.0,0.0,3.0,0.2,0.0,0.0,1.0,0.0,0.0
trans_sess_0082_1,sess_0082,1,1.0,0.0,0.0,0.0648,0.6195,0.3012,0.2869,0.0,0.0,4.0,0.0,3.0,0.2,0.0,1.0,2.0,0.0,0.0
trans_sess_0082_2,sess_0082,2,1.0,0.0,0.0,0.1545,0.703,0.3444,0.3341,1.0,3.0,2.0,0.0,1.0,0.2,0.0,2.0,3.0,0.0,0.0
trans_sess_0082_3,sess_0082,3,1.0,0.0,0.0,0.1552,0.4525,0.2749,0.2899,0.0,0.0,2.0,0.0,1.0,0.6,0.0,3.0,4.0,0.0,0.0
trans_sess_0083_0,sess_0083,0,0.0,0.0,0.0,0.0532,0.71,0.4725,0.3853,1.0,2.0,4.0,0.0,2.0,0.2,0.0,0.0,1.0,0.0,0.0
trans_sess_0083_1,sess_0083,1,1.0,0.0,0.0,0.3287,0.5193,0.8178,0.8095,1.0,1.0,1.0,1.0,4.0,0.95,0.0,1.0,2.0,1.0,1.0
trans_sess_0083_2,sess_0083,2,1.0,0.0,0.0,0.2887,0.3758,0.7534,0.8704,1.0,1.0,1.0,1.0,4.0,0.95,0.0,2.0,3.0,1.0,2.0
trans_sess_0083_3,sess_0083,3,1.0,0.0,0.0,0.3661,0.4002,0.8524,0.9929,1.0,1.0,1.0,0.0,4.0,0.95,0.0,3.0,4.0,1.0,3.0
trans_sess_0084_0,sess_0084,0,0.0,0.0,0.0,0.226,0.5015,0.1457,0.3654,1.0,3.0,2.0,0.0,3.0,0.2,0.0,0.0,1.0,0.0,0.0
trans_sess_0084_1,sess_0084,1,1.0,0.0,0.0,0.0406,0.6275,0.2564,0.1739,0.0,0.0,4.0,0.0,1.0,0.2,0.0,1.0,2.0,0.0,0.0
trans_sess_0084_2,sess_0084,2,1.0,0.0,0.0,0.1933,0.7259,0.3039,0.1186,1.0,3.0,4.0,0.0,1.0,0.2,0.0,2.0,3.0,0.0,0.0
trans_sess_0084_3,sess_0084,3,1.0,0.0,0.0,0.1063,0.6892,0.2317,0.3128,0.0,0.0,4.0,0.0,1.0,0.6,0.0,3.0,4.0,0.0,0.0
trans_sess_0085_0,sess_0085,0,0.0,0.0,0.0,0.1488,0.7079,0.3596,0.2319,1.0,2.0,2.0,0.0,2.0,0.2,0.0,0.0,1.0,0.0,0.0
trans_sess_0085_1,sess_0085,1,1.0,0.0,0.0,0.2457,0.6341,0.3478,0.2347,0.0,0.0,2.0,0.0,3.0,0.2,0.0,1.0,2.0,0.0,0.0
trans_sess_0085_2,sess_0085,2,0.0,0.0,0.0,0.2145,0.4792,0.5327,0.7712,0.0,0.0,0.0,0.0,3.0,0.4,1.0,2.0,3.0,0.0,1.0
trans_sess_0085_3,sess_0085,3,0.0,0.0,0.0,0.1402,0.4209,0.6971,0.5791,0.0,0.0,0.0,0.0,3.0,0.4,1.0,3.0,4.0,0.0,2.0
trans_sess_0086_0,sess_0086,0,0.0,0.0,0.0,0.0965,0.754,0.3016,0.4278,1.0,3.0,2.0,0.0,1.0,0.2,0.0,0.0,1.0,0.0,0.0
trans_sess_0086_1,sess_0086,1,1.0,0.0,0.0,0.2042,0.6012,0.5226,0.2576,0.0,0.0,2.0,0.0,1.0,0.2,0.0,1.0,2.0,0.0,0.0
trans_sess_0086_2,sess_0086,2,1.0,0.0,0.0,0.2094,0.6799,0.4541,0.4093,1.0,2.0,2.0,0.0,1.0,0.2,0.0,2.0,3.0,0.0,0.0
trans_sess_0086_3,sess_0086,3,1.0,0.0,0.0,0.1526,0.5747,0.3868,0.2526,0.0,0.0,4.0,0.0,1.0,0.6,0.0,3.0,4.0,0.0,0.0
trans_sess_0087_0,sess_0087,0,0.0,0.0,0.0,0.3111,0.6637,0.3208,0.3129,1.0,3.0,2.0,0.0,1.0,0.2,0.0,0.0,1.0,0.0,0.0
trans_sess_0087_1,sess_0087,1,1.0,0.0,0.0,0.2153,0.3223,0.944,0.7712,1.0,1.0,1.0,0.0,4.0,0.95,0.0,1.0,2.0,1.0,1.0
trans_sess_0087_2,sess_0087,2,1.0,0.0,0.0,0.2453,0.4429,0.9423,0.9363,1.0,1.0,1.0,0.0,4.0,0.95,0.0,2.0,3.0,1.0,2.0
trans_sess_0087_3,sess_0087,3,1.0,0.0,0.0,0.4496,0.3395,0.6294,1.0302,1.0,1.0,1.0,0.0,4.0,0.95,0.0,3.0,4.0,1.0,3.0
trans_sess_0088_0,sess_0088,0,0.0,0.0,0.0,0.1242,0.6249,0.4563,0.3389,1.0,2.0,4.0,0.0,1.0,0.2,0.0,0.0,1.0,0.0,0.0
trans_sess_0088_1,sess_0088,1,1.0,0.0,0.0,0.1865,0.8665,0.2985,0.3649,0.0,0.0,2.0,0.0,3.0,0.2,0.0,1.0,2.0,0.0,0.0
trans_sess_0088_2,sess_0088,2,1.0,0.0,0.0,0.1546,0.6769,0.4723,0.3355,1.0,3.0,2.0,0.0,3.0,0.2,0.0,2.0,3.0,0.0,0.0
trans_sess_0088_3,sess_0088,3,1.0,0.0,0.0,0.1931,0.7573,0.3208,0.2413,0.0,0.0,2.0,0.0,2.0,0.6,0.0,3.0,4.0,0.0,0.0
trans_sess_0089_0,sess_0089,0,0.0,0.0,0.0,0.0664,0.4534,0.5145,0.2228,1.0,2.0,4.0,0.0,2.0,0.2,0.0,0.0,1.0,0.0,0.0
trans_sess_0089_1,sess_0089,1,1.0,0.0,0.0,0.1323,0.6223,0.3746,0.3571,0.0,0.0,2.0,0.0,1.0,0.2,0.0,1.0,2.0,0.0,0.0
trans_sess_0089_2,sess_0089,2,1.0,0.0,0.0,0.2188,0.5917,0.3366,0.3198,1.0,3.0,4.0,0.0,2.0,0.2,0.0,2.0,3.0,0.0,0.0
trans_sess_0089_3,sess_0089,3,1.0,1.0,1.0,0.3627,0.3286,1.0089,0.9882,1.0,1.0,1.0,1.0,5.0,0.9,0.0,3.0,4.0,1.0,1.0
trans_sess_0090_0,sess_0090,0,0.0,0.0,0.0,0.203,0.7673,0.3645,0.2092,1.0,3.0,2.0,0.0,1.0,0.2,0.0,0.0,1.0,0.0,0.0
trans_sess_0090_1,sess_0090,1,1.0,0.0,0.0,0.182,0.5849,0.3077,0.341,0.0,0.0,2.0,0.0,2.0,0.2,0.0,1.0,2.0,0.0,0.0
trans_sess_0090_2,sess_0090,2,1.0,0.0,0.0,0.2491,0.6521,0.3747,0.4192,1.0,3.0,4.0,0.0,3.0,0.2,0.0,2.0,3.0,0.0,0.0
trans_sess_0090_3,sess_0090,3,1.0,0.0,0.0,0.1693,0.9102,0.3952,0.1767,0.0,0.0,4.0,0.0,2.0,0.6,0.0,3.0,4.0,0.0,0.0
trans_sess_0091_0,sess_0091,0,0.0,0.0,0.0,0.2103,0.6881,0.4532,0.3471,1.0,2.0,4.0,0.0,2.0,0.2,0.0,0.0,1.0,0.0,0.0
trans_sess_0091_1,sess_0091,1,1.0,0.0,0.0,0.1389,0.5276,0.3333,0.2405,0.0,0.0,2.0,0.0,2.0,0.2,0.0,1.0,2.0,0.0,0.0
trans_sess_0091_2,sess_0091,2,1.0,0.0,0.0,0.1036,0.7089,0.4836,0.3276,1.0,3.0,4.0,0.0,2.0,0.2,0.0,2.0,3.0,0.0,0.0
trans_sess_0091_3,sess_0091,3,0.0,0.0,0.0,0.1543,0.5856,0.6697,0.539,0.0,0.0,0.0,0.0,3.0,0.4,1.0,3.0,4.0,0.0,1.0
trans_sess_0092_0,sess_0092,0,0.0,0.0,0.0,0.1393,0.6515,0.2872,0.3454,1.0,3.0,4.0,0.0,2.0,0.2,0.0,0.0,1.0,0.0,0.0
trans_sess_0092_1,sess_0092,1,1.0,0.0,0.0,0.1403,0.692,0.279,0.2694,0.0,0.0,2.0,0.0,3.0,0.2,0.0,1.0,2.0,0.0,0.0
trans_sess_0092_2,sess_0092,2,1.0,0.0,0.0,0.2078,0.6127,0.4882,0.272,1.0,3.0,2.0,0.0,1.0,0.2,0.0,2.0,3.0,0.0,0.0
trans_sess_0092_3,sess_0092,3,1.0,0.0,0.0,0.168,0.7433,0.2365,0.1767,0.0,0.0,2.0,0.0,1.0,0.6,0.0,3.0,4.0,0.0,0.0
trans_sess_0093_0,sess_0093,0,0.0,0.0,0.0,0.0279,0.7763,0.3059,0.4791,1.0,3.0,2.0,0.0,2.0,0.2,0.0,0.0,1.0,0.0,0.0
trans_sess_0093_1,sess_0093,1,1.0,0.0,0.0,0.1049,0.6685,0.4734,0.4404,0.0,0.0,4.0,0.0,3.0,0.2,0.0,1.0,2.0,0.0,0.0
trans_sess_0093_2,sess_0093,2,1.0,0.0,0.0,0.3149,0.7708,0.4319,0.3415,1.0,3.0,2.0,0.0,2.0,0.2,0.0,2.0,3.0,0.0,0.0
trans_sess_0093_3,sess_0093,3,0.0,0.0,0.0,0.3123,0.5059,0.4682,0.5997,0.0,0.0,0.0,0.0,3.0,0.4,1.0,3.0,4.0,0.0,1.0
trans_sess_0094_0,sess_0094,0,0.0,0.0,0.0,0.1364,0.6047,0.4057,0.3669,1.0,2.0,2.0,0.0,3.0,0.2,0.0,0.0,1.0,0.0,0.0
trans_sess_0094_1,sess_0094,1,1.0,0.0,0.0,0.1571,0.7978,0.2587,0.2864,0.0,0.0,4.0,0.0,1.0,0.2,0.0,1.0,2.0,0.0,0.0
trans_sess_0094_2,sess_0094,2,1.0,0.0,0.0,0.0927,0.4633,0.3434,0.2915,1.0,2.0,4.0,0.0,3.0,0.2,0.0,2.0,3.0,0.0,0.0
trans_sess_0094_3,sess_0094,3,1.0,0.0,0.0,0.2711,0.7131,0.2681,0.4298,0.0,0.0,4.0,0.0,1.0,0.6,0.0,3.0,4.0,0.0,0.0
trans_sess_0095_0,sess_0095,0,0.0,0.0,0.0,0.2477,0.7082,0.3319,0.2328,1.0,2.0,4.0,0.0,1.0,0.2,0.0,0.0,1.0,0.0,0.0
trans_sess_0095_1,sess_0095,1,1.0,0.0,0.0,0.1202,0.7589,0.5008,0.408,0.0,0.0,2.0,0.0,2.0,0.2,0.0,1.0,2.0,0.0,0.0
trans_sess_0095_2,sess_0095,2,1.0,0.0,0.0,0.1109,0.538,0.3613,0.1762,1.0,3.0,4.0,0.0,2.0,0.2,0.0,2.0,3.0,0.0,0.0
trans_sess_0095_3,sess_0095,3,1.0,0.0,0.0,0.3823,0.3882,0.7441,0.6586,1.0,1.0,1.0,0.0,4.0,0.95,0.0,3.0,4.0,1.0,1.0
trans_sess_0096_0,sess_0096,0,0.0,0.0,0.0,0.1911,0.5967,0.2564,0.1,1.0,2.0,2.0,0.0,1.0,0.2,0.0,0.0,1.0,0.0,0.0
trans_sess_0096_1,sess_0096,1,1.0,0.0,0.0,0.1478,0.8272,0.4829,0.268,0.0,0.0,2.0,0.0,2.0,0.2,0.0,1.0,2.0,0.0,0.0
trans_sess_0096_2,sess_0096,2,1.0,0.0,0.0,0.1018,0.6969,0.2701,0.3211,1.0,3.0,4.0,0.0,2.0,0.2,0.0,2.0,3.0,0.0,0.0
trans_sess_0096_3,sess_0096,3,1.0,0.0,0.0,0.2113,0.7727,0.342,0.2857,0.0,0.0,2.0,0.0,2.0,0.6,0.0,3.0,4.0,0.0,0.0
trans_sess_0097_0,sess_0097,0,0.0,0.0,0.0,0.0798,0.5673,0.3319,0.3257,1.0,2.0,2.0,0.0,2.0,0.2,0.0,0.0,1.0,0.0,0.0
trans_sess_0097_1,sess_0097,1,1.0,1.0,1.0,0.537,0.1357,1.1291,0.8675,1.0,3.0,1.0,1.0,5.0,0.9,0.0,1.0,2.0,1.0,1.0
trans_sess_0097_2,sess_0097,2,1.0,1.0,1.0,0.3968,0.1402,0.75,1.0061,1.0,3.0,1.0,1.0,5.0,0.9,0.0,2.0,3.0,1.0,2.0
trans_sess_0097_3,sess_0097,3,1.0,1.0,1.0,0.5105,0.1775,0.958,0.9619,1.0,3.0,1.0,1.0,5.0,0.9,0.0,3.0,4.0,1.0,3.0
trans_sess_0098_0,sess_0098,0,0.0,0.0,0.0,0.025,0.5971,0.4135,0.2122,1.0,3.0,2.0,0.0,2.0,0.2,0.0,0.0,1.0,0.0,0.0
trans_sess_0098_1,sess_0098,1,1.0,0.0,0.0,0.1735,0.5143,0.3873,0.2975,0.0,0.0,4.0,0.0,3.0,0.2,0.0,1.0,2.0,0.0,0.0
trans_sess_0098_2,sess_0098,2,1.0,0.0,0.0,0.0208,0.7665,0.2912,0.2433,1.0,3.0,2.0,0.0,1.0,0.2,0.0,2.0,3.0,0.0,0.0
trans_sess_0098_3,sess_0098,3,1.0,0.0,0.0,0.166,0.7649,0.2687,0.3043,0.0,0.0,4.0,0.0,3.0,0.6,0.0,3.0,4.0,0.0,0.0
trans_sess_0099_0,sess_0099,0,0.0,0.0,0.0,0.1843,0.7193,0.3641,0.2743,1.0,3.0,4.0,0.0,2.0,0.2,0.0,0.0,1.0,0.0,0.0
trans_sess_0099_1,sess_0099,1,1.0,1.0,1.0,0.2759,0.2069,0.8213,0.7,1.0,1.0,1.0,0.0,5.0,0.9,0.0,1.0,2.0,1.0,1.0
trans_sess_0099_2,sess_0099,2,1.0,1.0,1.0,0.4655,0.2723,0.75,0.7788,1.0,3.0,1.0,1.0,5.0,0.9,0.0,2.0,3.0,1.0,2.0
trans_sess_0099_3,sess_0099,3,1.0,1.0,1.0,0.4929,0.35,0.9525,0.8126,1.0,1.0,1.0,0.0,5.0,0.9,0.0,3.0,4.0,1.0,3.0
trans_sess_0100_0,sess_0100,0,0.0,0.0,0.0,0.1354,0.7875,0.2983,0.2441,1.0,2.0,4.0,0.0,3.0,0.2,0.0,0.0,1.0,0.0,0.0
trans_sess_0100_1,sess_0100,1,1.0,0.0,0.0,0.1114,0.5547,0.3598,0.4137,0.0,0.0,2.0,0.0,2.0,0.2,0.0,1.0,2.0,0.0,0.0
trans_sess_0100_2,sess_0100,2,1.0,0.0,0.0,0.1758,0.6248,0.3267,0.1906,1.0,2.0,4.0,0.0,1.0,0.2,0.0,2.0,3.0,0.0,0.0
trans_sess_0100_3,sess_0100,3,1.0,0.0,0.0,0.2206,0.6422,0.3356,0.5235,0.0,0.0,4.0,0.0,3.0,0.6,0.0,3.0,4.0,0.0,0.0
trans_sess_0101_0,sess_0101,0,0.0,0.0,0.0,0.1739,0.5748,0.3159,0.3804,1.0,3.0,2.0,0.0,2.0,0.2,0.0,0.0,1.0,0.0,0.0
trans_sess_0101_1,sess_0101,1,1.0,0.0,0.0,0.1591,0.5062,0.4235,0.2532,0.0,0.0,2.0,0.0,3.0,0.2,0.0,1.0,2.0,0.0,0.0
trans_sess_0101_2,sess_0101,2,0.0,0.0,0.0,0.3999,0.6364,0.5053,0.7281,0.0,0.0,0.0,0.0,3.0,0.4,1.0,2.0,3.0,0.0,1.0
trans_sess_0101_3,sess_0101,3,0.0,0.0,0.0,0.2554,0.6182,0.5985,0.5154,0.0,0.0,0.0,0.0,3.0,0.4,1.0,3.0,4.0,0.0,2.0
trans_sess_0102_0,sess_0102,0,0.0,0.0,0.0,0.0985,0.753,0.3232,0.2717,1.0,2.0,2.0,0.0,2.0,0.2,0.0,0.0,1.0,0.0,0.0
trans_sess_0102_1,sess_0102,1,1.0,0.0,0.0,0.0736,0.6924,0.515,0.2253,0.0,0.0,4.0,0.0,3.0,0.2,0.0,1.0,2.0,0.0,0.0
trans_sess_0102_2,sess_0102,2,1.0,0.0,0.0,0.1519,0.7912,0.3436,0.3317,1.0,2.0,4.0,0.0,2.0,0.2,0.0,2.0,3.0,0.0,0.0
trans_sess_0102_3,sess_0102,3,1.0,0.0,0.0,0.065,0.6928,0.335,0.369,0.0,0.0,4.0,0.0,1.0,0.6,0.0,3.0,4.0,0.0,0.0
trans_sess_0103_0,sess_0103,0,0.0,0.0,0.0,0.245,0.909,0.3964,0.3228,1.0,2.0,4.0,0.0,2.0,0.2,0.0,0.0,1.0,0.0,0.0
trans_sess_0103_1,sess_0103,1,1.0,0.0,0.0,0.1656,0.6147,0.3771,0.2793,0.0,0.0,2.0,0.0,1.0,0.2,0.0,1.0,2.0,0.0,0.0
trans_sess_0103_2,sess_0103,2,1.0,0.0,0.0,0.1635,0.7818,0.2695,0.3798,1.0,2.0,2.0,0.0,2.0,0.2,0.0,2.0,3.0,0.0,0.0
trans_sess_0103_3,sess_0103,3,1.0,0.0,0.0,0.4817,0.3906,0.6,0.7771,1.0,1.0,1.0,0.0,4.0,0.95,0.0,3.0,4.0,1.0,1.0
trans_sess_0104_0,sess_0104,0,0.0,0.0,0.0,0.2538,0.6477,0.2701,0.2647,1.0,2.0,4.0,0.0,2.0,0.2,0.0,0.0,1.0,0.0,0.0
trans_sess_0104_1,sess_0104,1,1.0,0.0,0.0,0.2172,0.7047,0.3309,0.2743,0.0,0.0,4.0,0.0,3.0,0.2,0.0,1.0,2.0,0.0,0.0
trans_sess_0104_2,sess_0104,2,1.0,0.0,0.0,0.1187,0.5578,0.4792,0.2774,1.0,3.0,4.0,0.0,1.0,0.2,0.0,2.0,3.0,0.0,0.0
trans_sess_0104_3,sess_0104,3,1.0,0.0,0.0,0.2474,0.8021,0.4299,0.2698,0.0,0.0,4.0,0.0,1.0,0.6,0.0,3.0,4.0,0.0,0.0
trans_sess_0105_0,sess_0105,0,0.0,0.0,0.0,0.1823,0.6476,0.2777,0.3227,1.0,3.0,2.0,0.0,2.0,0.2,0.0,0.0,1.0,0.0,0.0
trans_sess_0105_1,sess_0105,1,1.0,0.0,0.0,0.0557,0.7688,0.3128,0.3141,0.0,0.0,4.0,0.0,2.0,0.2,0.0,1.0,2.0,0.0,0.0
trans_sess_0105_2,sess_0105,2,1.0,0.0,0.0,0.1727,0.6241,0.3969,0.2668,1.0,2.0,2.0,0.0,2.0,0.2,0.0,2.0,3.0,0.0,0.0
trans_sess_0105_3,sess_0105,3,0.0,0.0,0.0,0.3197,0.4423,0.5626,0.7939,0.0,0.0,0.0,0.0,3.0,0.4,1.0,3.0,4.0,0.0,1.0
trans_sess_0106_0,sess_0106,0,0.0,0.0,0.0,0.07,0.5822,0.3911,0.3126,1.0,3.0,2.0,0.0,2.0,0.2,0.0,0.0,1.0,0.0,0.0
trans_sess_0106_1,sess_0106,1,1.0,0.0,0.0,0.1781,0.6989,0.4008,0.3777,0.0,0.0,2.0,0.0,2.0,0.2,0.0,1.0,2.0,0.0,0.0
trans_sess_0106_2,sess_0106,2,1.0,0.0,0.0,0.1828,0.6259,0.4038,0.433,1.0,3.0,2.0,0.0,1.0,0.2,0.0,2.0,3.0,0.0,0.0
trans_sess_0106_3,sess_0106,3,1.0,0.0,0.0,0.1394,0.5525,0.4386,0.2916,0.0,0.0,4.0,0.0,1.0,0.6,0.0,3.0,4.0,0.0,0.0
trans_sess_0107_0,sess_0107,0,0.0,0.0,0.0,-0.0238,0.7347,0.3072,0.2937,1.0,3.0,4.0,0.0,3.0,0.2,0.0,0.0,1.0,0.0,0.0
trans_sess_0107_1,sess_0107,1,1.0,0.0,0.0,0.3832,0.4152,0.8851,0.7977,1.0,1.0,1.0,0.0,4.0,0.95,0.0,1.0,2.0,1.0,1.0
trans_sess_0107_2,sess_0107,2,1.0,0.0,0.0,0.4013,0.3792,0.8887,0.9238,1.0,1.0,1.0,1.0,4.0,0.95,0.0,2.0,3.0,1.0,2.0
trans_sess_0107_3,sess_0107,3,1.0,0.0,0.0,0.2565,0.4869,0.7357,0.947,1.0,1.0,1.0,1.0,4.0,0.95,0.0,3.0,4.0,1.0,3.0
trans_sess_0108_0,sess_0108,0,0.0,0.0,0.0,0.1794,0.8338,0.3321,0.2755,1.0,2.0,4.0,0.0,1.0,0.2,0.0,0.0,1.0,0.0,0.0
trans_sess_0108_1,sess_0108,1,1.0,0.0,0.0,0.1484,0.6197,0.414,0.1869,0.0,0.0,4.0,0.0,1.0,0.2,0.0,1.0,2.0,0.0,0.0
trans_sess_0108_2,sess_0108,2,1.0,0.0,0.0,0.0657,0.5432,0.426,0.4197,1.0,3.0,4.0,0.0,2.0,0.2,0.0,2.0,3.0,0.0,0.0
trans_sess_0108_3,sess_0108,3,1.0,0.0,0.0,0.1416,0.6331,0.3556,0.3813,0.0,0.0,2.0,0.0,2.0,0.6,0.0,3.0,4.0,0.0,0.0
trans_sess_0109_0,sess_0109,0,0.0,0.0,0.0,0.0758,0.6738,0.428,0.3351,1.0,3.0,2.0,0.0,3.0,0.2,0.0,0.0,1.0,0.0,0.0
trans_sess_0109_1,sess_0109,1,1.0,0.0,0.0,0.1652,0.7501,0.1337,0.3475,0.0,0.0,2.0,0.0,2.0,0.2,0.0,1.0,2.0,0.0,0.0
trans_sess_0109_2,sess_0109,2,1.0,0.0,0.0,0.2846,0.2535,0.8613,1.0148,1.0,1.0,1.0,1.0,4.0,0.95,0.0,2.0,3.0,1.0,1.0
trans_sess_0109_3,sess_0109,3,1.0,0.0,0.0,0.3363,0.4762,0.9935,1.0078,1.0,1.0,1.0,1.0,4.0,0.95,0.0,3.0,4.0,1.0,2.0
trans_sess_0110_0,sess_0110,0,0.0,0.0,0.0,0.2812,0.7242,0.356,0.1879,1.0,3.0,2.0,0.0,2.0,0.2,0.0,0.0,1.0,0.0,0.0
trans_sess_0110_1,sess_0110,1,1.0,0.0,0.0,0.1303,0.5657,0.5237,0.2877,0.0,0.0,4.0,0.0,1.0,0.2,0.0,1.0,2.0,0.0,0.0
trans_sess_0110_2,sess_0110,2,1.0,0.0,0.0,0.1599,0.7051,0.3535,0.4187,1.0,2.0,4.0,0.0,2.0,0.2,0.0,2.0,3.0,0.0,0.0
trans_sess_0110_3,sess_0110,3,1.0,0.0,0.0,0.1002,0.6695,0.2906,0.2076,0.0,0.0,2.0,0.0,1.0,0.6,0.0,3.0,4.0,0.0,0.0
trans_sess_0111_0,sess_0111,0,0.0,0.0,0.0,0.1011,0.6463,0.3157,0.2515,1.0,2.0,4.0,0.0,3.0,0.2,0.0,0.0,1.0,0.0,0.0
trans_sess_0111_1,sess_0111,1,1.0,0.0,0.0,0.2094,0.3934,0.6194,0.9412,1.0,1.0,1.0,0.0,4.0,0.95,0.0,1.0,2.0,1.0,1.0
trans_sess_0111_2,sess_0111,2,1.0,0.0,0.0,0.3582,0.2834,0.7629,0.7597,1.0,1.0,1.0,1.0,4.0,0.95,0.0,2.0,3.0,1.0,2.0
trans_sess_0111_3,sess_0111,3,1.0,0.0,0.0,0.3819,0.5072,0.6,0.8638,1.0,1.0,1.0,0.0,4.0,0.95,0.0,3.0,4.0,1.0,3.0
trans_sess_0112_0,sess_0112,0,0.0,0.0,0.0,0.1372,0.7171,0.3671,0.2474,1.0,2.0,4.0,0.0,2.0,0.2,0.0,0.0,1.0,0.0,0.0
trans_sess_0112_1,sess_0112,1,1.0,0.0,0.0,0.1245,0.5704,0.4361,0.3015,0.0,0.0,2.0,0.0,2.0,0.2,0.0,1.0,2.0,0.0,0.0
trans_sess_0112_2,sess_0112,2,1.0,0.0,0.0,0.3021,0.6439,0.2933,0.194,1.0,3.0,4.0,0.0,1.0,0.2,0.0,2.0,3.0,0.0,0.0
trans_sess_0112_3,sess_0112,3,1.0,0.0,0.0,0.0057,0.4916,0.3714,0.3356,0.0,0.0,2.0,0.0,2.0,0.6,0.0,3.0,4.0,0.0,0.0
trans_sess_0113_0,sess_0113,0,0.0,0.0,0.0,0.0235,0.7395,0.3114,0.3103,1.0,3.0,4.0,0.0,1.0,0.2,0.0,0.0,1.0,0.0,0.0
trans_sess_0113_1,sess_0113,1,1.0,0.0,0.0,0.279,0.7397,0.3285,0.2376,0.0,0.0,2.0,0.0,3.0,0.2,0.0,1.0,2.0,0.0,0.0
trans_sess_0113_2,sess_0113,2,0.0,0.0,0.0,0.0779,0.4925,0.5289,0.5013,0.0,0.0,0.0,0.0,3.0,0.4,1.0,2.0,3.0,0.0,1.0
trans_sess_0113_3,sess_0113,3,0.0,0.0,0.0,0.2395,0.5561,0.5275,0.535,0.0,0.0,0.0,0.0,3.0,0.4,1.0,3.0,4.0,0.0,2.0
trans_sess_0114_0,sess_0114,0,0.0,0.0,0.0,0.1635,0.6942,0.2628,0.3988,1.0,3.0,2.0,0.0,3.0,0.2,0.0,0.0,1.0,0.0,0.0
trans_sess_0114_1,sess_0114,1,1.0,0.0,0.0,0.1421,0.6519,0.4067,0.3163,0.0,0.0,2.0,0.0,2.0,0.2,0.0,1.0,2.0,0.0,0.0
trans_sess_0114_2,sess_0114,2,1.0,0.0,0.0,0.2263,0.6787,0.301,0.3253,1.0,2.0,2.0,0.0,2.0,0.2,0.0,2.0,3.0,0.0,0.0
trans_sess_0114_3,sess_0114,3,1.0,0.0,0.0,0.0585,0.6609,0.3473,0.2854,0.0,0.0,4.0,0.0,3.0,0.6,0.0,3.0,4.0,0.0,0.0
trans_sess_0115_0,sess_0115,0,0.0,0.0,0.0,0.1397,0.4618,0.3061,0.3065,1.0,2.0,4.0,0.0,1.0,0.2,0.0,0.0,1.0,0.0,0.0
trans_sess_0115_1,sess_0115,1,1.0,0.0,0.0,0.1628,0.5472,0.4513,0.2394,0.0,0.0,4.0,0.0,3.0,0.2,0.0,1.0,2.0,0.0,0.0
trans_sess_0115_2,sess_0115,2,0.0,0.0,0.0,0.3276,0.5842,0.4854,0.7775,0.0,0.0,0.0,0.0,3.0,0.4,1.0,2.0,3.0,0.0,1.0
trans_sess_0115_3,sess_0115,3,0.0,0.0,0.0,0.1545,0.6235,0.6501,0.5329,0.0,0.0,0.0,0.0,3.0,0.4,1.0,3.0,4.0,0.0,2.0
trans_sess_0116_0,sess_0116,0,0.0,0.0,0.0,0.2614,0.625,0.3731,0.3182,1.0,3.0,2.0,0.0,1.0,0.2,0.0,0.0,1.0,0.0,0.0
trans_sess_0116_1,sess_0116,1,1.0,0.0,0.0,0.1393,0.7311,0.4135,0.1776,0.0,0.0,4.0,0.0,1.0,0.2,0.0,1.0,2.0,0.0,0.0
trans_sess_0116_2,sess_0116,2,1.0,0.0,0.0,0.2543,0.4838,0.4326,0.3789,1.0,3.0,2.0,0.0,1.0,0.2,0.0,2.0,3.0,0.0,0.0
trans_sess_0116_3,sess_0116,3,1.0,0.0,0.0,0.0627,0.6089,0.2615,0.285,0.0,0.0,2.0,0.0,2.0,0.6,0.0,3.0,4.0,0.0,0.0
trans_sess_0117_0,sess_0117,0,0.0,0.0,0.0,0.1254,0.728,0.4548,0.3977,1.0,2.0,2.0,0.0,2.0,0.2,0.0,0.0,1.0,0.0,0.0
trans_sess_0117_1,sess_0117,1,1.0,0.0,0.0,0.105,0.6291,0.2153,0.2436,0.0,0.0,2.0,0.0,1.0,0.2,0.0,1.0,2.0,0.0,0.0
trans_sess_0117_2,sess_0117,2,1.0,0.0,0.0,0.2272,0.8116,0.2513,0.2585,1.0,3.0,2.0,0.0,2.0,0.2,0.0,2.0,3.0,0.0,0.0
trans_sess_0117_3,sess_0117,3,0.0,0.0,0.0,0.2479,0.5724,0.469,0.6424,0.0,0.0,0.0,0.0,3.0,0.4,1.0,3.0,4.0,0.0,1.0
trans_sess_0118_0,sess_0118,0,0.0,0.0,0.0,0.1121,0.6486,0.3937,0.3004,1.0,2.0,4.0,0.0,3.0,0.2,0.0,0.0,1.0,0.0,0.0
trans_sess_0118_1,sess_0118,1,1.0,0.0,0.0,0.1151,0.639,0.3429,0.2741,0.0,0.0,4.0,0.0,1.0,0.2,0.0,1.0,2.0,0.0,0.0
trans_sess_0118_2,sess_0118,2,1.0,0.0,0.0,0.1293,0.8099,0.3949,0.2793,1.0,2.0,4.0,0.0,3.0,0.2,0.0,2.0,3.0,0.0,0.0
trans_sess_0118_3,sess_0118,3,1.0,0.0,0.0,0.2058,0.6166,0.4438,0.3259,0.0,0.0,2.0,0.0,3.0,0.6,0.0,3.0,4.0,0.0,0.0
trans_sess_0119_0,sess_0119,0,0.0,0.0,0.0,0.1414,0.6948,0.2243,0.2211,1.0,2.0,4.0,0.0,1.0,0.2,0.0,0.0,1.0,0.0,0.0
trans_sess_0119_1,sess_0119,1,1.0,0.0,0.0,0.0545,0.6643,0.4886,0.4562,0.0,0.0,4.0,0.0,1.0,0.2,0.0,1.0,2.0,0.0,0.0
trans_sess_0119_2,sess_0119,2,0.0,0.0,0.0,0.351,0.5401,0.4699,0.5957,1.0,2.0,1.0,1.0,2.0,0.95,0.0,2.0,3.0,0.0,1.0
trans_sess_0119_3,sess_0119,3,0.0,0.0,0.0,0.237,0.4503,0.6332,0.6028,1.0,2.0,1.0,1.0,2.0,0.95,0.0,3.0,4.0,0.0,2.0
trans_sess_0120_0,sess_0120,0,0.0,0.0,0.0,-0.0083,0.7248,0.2642,0.3167,1.0,2.0,4.0,0.0,2.0,0.2,0.0,0.0,1.0,0.0,0.0
trans_sess_0120_1,sess_0120,1,1.0,0.0,0.0,0.3159,0.5581,0.1476,0.28,0.0,0.0,2.0,0.0,3.0,0.2,0.0,1.0,2.0,0.0,0.0
trans_sess_0120_2,sess_0120,2,1.0,0.0,0.0,0.2381,0.8458,0.2516,0.3348,1.0,3.0,4.0,0.0,2.0,0.2,0.0,2.0,3.0,0.0,0.0
trans_sess_0120_3,sess_0120,3,1.0,0.0,0.0,0.1128,0.6394,0.5615,0.1948,0.0,0.0,2.0,0.0,2.0,0.6,0.0,3.0,4.0,0.0,0.0
trans_sess_0121_0,sess_0121,0,0.0,0.0,0.0,0.1703,0.6968,0.4369,0.3069,1.0,3.0,2.0,0.0,1.0,0.2,0.0,0.0,1.0,0.0,0.0
trans_sess_0121_1,sess_0121,1,1.0,0.0,0.0,0.1746,0.6108,0.3715,0.276,0.0,0.0,4.0,0.0,3.0,0.2,0.0,1.0,2.0,0.0,0.0
trans_sess_0121_2,sess_0121,2,1.0,0.0,0.0,0.1997,0.613,0.3802,0.298,1.0,3.0,2.0,0.0,3.0,0.2,0.0,2.0,3.0,0.0,0.0
trans_sess_0121_3,sess_0121,3,1.0,0.0,0.0,0.4626,0.3959,0.6,1.0014,1.0,1.0,1.0,1.0,4.0,0.95,0.0,3.0,4.0,1.0,1.0
trans_sess_0122_0,sess_0122,0,0.0,0.0,0.0,0.0775,0.5846,0.3023,0.3962,1.0,2.0,4.0,0.0,1.0,0.2,0.0,0.0,1.0,0.0,0.0
trans_sess_0122_1,sess_0122,1,1.0,0.0,0.0,-0.0209,0.95,0.4345,0.3156,0.0,0.0,4.0,0.0,1.0,0.2,0.0,1.0,2.0,0.0,0.0
trans_sess_0122_2,sess_0122,2,1.0,0.0,0.0,0.1456,0.6786,0.3917,0.3452,1.0,2.0,2.0,0.0,1.0,0.2,0.0,2.0,3.0,0.0,0.0
trans_sess_0122_3,sess_0122,3,1.0,0.0,0.0,0.1944,0.659,0.3342,0.2894,0.0,0.0,4.0,0.0,2.0,0.6,0.0,3.0,4.0,0.0,0.0
trans_sess_0123_0,sess_0123,0,0.0,0.0,0.0,0.1344,0.7634,0.3975,0.1,1.0,2.0,4.0,0.0,2.0,0.2,0.0,0.0,1.0,0.0,0.0
trans_sess_0123_1,sess_0123,1,1.0,0.0,0.0,0.4156,0.4156,0.7978,0.8034,1.0,1.0,1.0,0.0,4.0,0.95,0.0,1.0,2.0,1.0,1.0
trans_sess_0123_2,sess_0123,2,1.0,0.0,0.0,0.4624,0.4758,0.7073,0.8988,1.0,1.0,1.0,1.0,4.0,0.95,0.0,2.0,3.0,1.0,2.0
trans_sess_0123_3,sess_0123,3,1.0,0.0,0.0,0.2528,0.2896,0.7248,0.9535,1.0,1.0,1.0,1.0,4.0,0.95,0.0,3.0,4.0,1.0,3.0
trans_sess_0124_0,sess_0124,0,0.0,0.0,0.0,0.2263,0.7013,0.408,0.3361,1.0,3.0,4.0,0.0,2.0,0.2,0.0,0.0,1.0,0.0,0.0
trans_sess_0124_1,sess_0124,1,1.0,0.0,0.0,0.0987,0.6932,0.414,0.3528,0.0,0.0,2.0,0.0,2.0,0.2,0.0,1.0,2.0,0.0,0.0
trans_sess_0124_2,sess_0124,2,1.0,0.0,0.0,0.2451,0.7208,0.3781,0.3749,1.0,3.0,4.0,0.0,3.0,0.2,0.0,2.0,3.0,0.0,0.0
trans_sess_0124_3,sess_0124,3,1.0,0.0,0.0,0.1479,0.5618,0.337,0.2479,0.0,0.0,4.0,0.0,1.0,0.6,0.0,3.0,4.0,0.0,0.0
trans_sess_0125_0,sess_0125,0,0.0,0.0,0.0,0.096,0.6355,0.2866,0.2784,1.0,3.0,4.0,0.0,1.0,0.2,0.0,0.0,1.0,0.0,0.0
trans_sess_0125_1,sess_0125,1,1.0,0.0,0.0,-0.0015,0.6713,0.3501,0.2428,0.0,0.0,2.0,0.0,2.0,0.2,0.0,1.0,2.0,0.0,0.0
trans_sess_0125_2,sess_0125,2,1.0,0.0,0.0,0.2027,0.7438,0.2214,0.2466,1.0,3.0,4.0,0.0,2.0,0.2,0.0,2.0,3.0,0.0,0.0
trans_sess_0125_3,sess_0125,3,1.0,1.0,1.0,0.2846,0.1248,1.0495,0.8767,1.0,3.0,1.0,0.0,5.0,0.9,0.0,3.0,4.0,1.0,1.0
trans_sess_0126_0,sess_0126,0,0.0,0.0,0.0,0.1288,0.4496,0.4008,0.2133,1.0,2.0,4.0,0.0,3.0,0.2,0.0,0.0,1.0,0.0,0.0
trans_sess_0126_1,sess_0126,1,1.0,0.0,0.0,0.1548,0.6777,0.4589,0.2084,0.0,0.0,4.0,0.0,2.0,0.2,0.0,1.0,2.0,0.0,0.0
trans_sess_0126_2,sess_0126,2,1.0,0.0,0.0,-0.0916,0.6684,0.494,0.3867,1.0,2.0,2.0,0.0,3.0,0.2,0.0,2.0,3.0,0.0,0.0
trans_sess_0126_3,sess_0126,3,1.0,0.0,0.0,0.1668,0.6008,0.4146,0.2319,0.0,0.0,4.0,0.0,2.0,0.6,0.0,3.0,4.0,0.0,0.0
trans_sess_0127_0,sess_0127,0,0.0,0.0,0.0,0.1881,0.7005,0.4348,0.4932,1.0,3.0,2.0,0.0,1.0,0.2,0.0,0.0,1.0,0.0,0.0
trans_sess_0127_1,sess_0127,1,1.0,0.0,0.0,0.1814,0.5991,0.348,0.1762,0.0,0.0,2.0,0.0,1.0,0.2,0.0,1.0,2.0,0.0,0.0
trans_sess_0127_2,sess_0127,2,1.0,0.0,0.0,0.0944,0.6091,0.3081,0.3107,1.0,3.0,4.0,0.0,2.0,0.2,0.0,2.0,3.0,0.0,0.0
trans_sess_0127_3,sess_0127,3,1.0,0.0,0.0,0.2678,0.4897,0.8,0.8489,1.0,1.0,1.0,0.0,4.0,0.95,0.0,3.0,4.0,1.0,1.0
trans_sess_0128_0,sess_0128,0,0.0,0.0,0.0,0.1238,0.6655,0.416,0.2393,1.0,3.0,4.0,0.0,1.0,0.2,0.0,0.0,1.0,0.0,0.0
trans_sess_0128_1,sess_0128,1,1.0,0.0,0.0,0.0974,0.6196,0.2423,0.2427,0.0,0.0,2.0,0.0,3.0,0.2,0.0,1.0,2.0,0.0,0.0
trans_sess_0128_2,sess_0128,2,1.0,0.0,0.0,0.1119,0.7374,0.371,0.3136,1.0,3.0,4.0,0.0,2.0,0.2,0.0,2.0,3.0,0.0,0.0
trans_sess_0128_3,sess_0128,3,1.0,0.0,0.0,0.2181,0.6363,0.3812,0.2928,0.0,0.0,4.0,0.0,1.0,0.6,0.0,3.0,4.0,0.0,0.0
trans_sess_0129_0,sess_0129,0,0.0,0.0,0.0,0.1712,0.5917,0.1549,0.2906,1.0,2.0,4.0,0.0,2.0,0.2,0.0,0.0,1.0,0.0,0.0
trans_sess_0129_1,sess_0129,1,1.0,0.0,0.0,0.2638,0.7426,0.4272,0.3865,0.0,0.0,4.0,0.0,1.0,0.2,0.0,1.0,2.0,0.0,0.0
trans_sess_0129_2,sess_0129,2,1.0,0.0,0.0,0.1571,0.6697,0.3006,0.2779,1.0,3.0,4.0,0.0,1.0,0.2,0.0,2.0,3.0,0.0,0.0
trans_sess_0129_3,sess_0129,3,0.0,0.0,0.0,0.3493,0.5963,0.6361,0.605,1.0,2.0,1.0,1.0,2.0,0.95,0.0,3.0,4.0,0.0,1.0
trans_sess_0130_0,sess_0130,0,0.0,0.0,0.0,0.15,0.7101,0.2345,0.1393,1.0,2.0,4.0,0.0,1.0,0.2,0.0,0.0,1.0,0.0,0.0
trans_sess_0130_1,sess_0130,1,1.0,0.0,0.0,0.106,0.5279,0.3093,0.2897,0.0,0.0,4.0,0.0,3.0,0.2,0.0,1.0,2.0,0.0,0.0
trans_sess_0130_2,sess_0130,2,1.0,0.0,0.0,0.1137,0.7952,0.3761,0.321,1.0,3.0,2.0,0.0,3.0,0.2,0.0,2.0,3.0,0.0,0.0
trans_sess_0130_3,sess_0130,3,1.0,0.0,0.0,0.1998,0.5361,0.4331,0.2947,0.0,0.0,4.0,0.0,2.0,0.6,0.0,3.0,4.0,0.0,0.0
trans_sess_0131_0,sess_0131,0,0.0,0.0,0.0,0.2036,0.5428,0.2257,0.3573,1.0,2.0,2.0,0.0,2.0,0.2,0.0,0.0,1.0,0.0,0.0
trans_sess_0131_1,sess_0131,1,1.0,1.0,1.0,0.4565,0.1278,0.8456,1.0351,1.0,1.0,1.0,1.0,5.0,0.9,0.0,1.0,2.0,1.0,1.0
trans_sess_0131_2,sess_0131,2,1.0,1.0,1.0,0.2216,0.3314,0.8419,0.9766,1.0,3.0,1.0,1.0,5.0,0.9,0.0,2.0,3.0,1.0,2.0
trans_sess_0131_3,sess_0131,3,1.0,1.0,1.0,0.3507,0.2483,0.8847,0.8805,1.0,1.0,1.0,0.0,5.0,0.9,0.0,3.0,4.0,1.0,3.0
trans_sess_0132_0,sess_0132,0,0.0,0.0,0.0,0.1533,0.5498,0.4093,0.2641,1.0,3.0,4.0,0.0,3.0,0.2,0.0,0.0,1.0,0.0,0.0
trans_sess_0132_1,sess_0132,1,1.0,0.0,0.0,0.1317,0.5506,0.145,0.2866,0.0,0.0,2.0,0.0,1.0,0.2,0.0,1.0,2.0,0.0,0.0
trans_sess_0132_2,sess_0132,2,1.0,0.0,0.0,0.343,0.7285,0.3485,0.2816,1.0,3.0,2.0,0.0,2.0,0.2,0.0,2.0,3.0,0.0,0.0
trans_sess_0132_3,sess_0132,3,1.0,0.0,0.0,0.1518,0.7047,0.2555,0.378,0.0,0.0,4.0,0.0,3.0,0.6,0.0,3.0,4.0,0.0,0.0
trans_sess_0133_0,sess_0133,0,0.0,0.0,0.0,0.2072,0.7218,0.3851,0.3014,1.0,2.0,2.0,0.0,3.0,0.2,0.0,0.0,1.0,0.0,0.0
trans_sess_0133_1,sess_0133,1,0.0,0.0,0.0,0.3538,0.5473,0.6146,0.5926,1.0,2.0,1.0,1.0,2.0,0.95,0.0,1.0,2.0,0.0,1.0
trans_sess_0133_2,sess_0133,2,0.0,0.0,0.0,0.3081,0.6239,0.5261,0.5032,1.0,2.0,1.0,1.0,2.0,0.95,0.0,2.0,3.0,0.0,2.0
trans_sess_0133_3,sess_0133,3,0.0,0.0,0.0,0.3132,0.5041,0.6673,0.6744,1.0,2.0,1.0,1.0,2.0,0.95,0.0,3.0,4.0,0.0,3.0
trans_sess_0134_0,sess_0134,0,0.0,0.0,0.0,0.1321,0.799,0.2219,0.242,1.0,3.0,2.0,0.0,2.0,0.2,0.0,0.0,1.0,0.0,0.0
trans_sess_0134_1,sess_0134,1,1.0,0.0,0.0,0.1417,0.4857,0.3359,0.4163,0.0,0.0,4.0,0.0,1.0,0.2,0.0,1.0,2.0,0.0,0.0
trans_sess_0134_2,sess_0134,2,1.0,0.0,0.0,0.1517,0.6731,0.2492,0.2569,1.0,3.0,2.0,0.0,3.0,0.2,0.0,2.0,3.0,0.0,0.0
trans_sess_0134_3,sess_0134,3,1.0,0.0,0.0,0.12,0.6182,0.4525,0.339,0.0,0.0,4.0,0.0,1.0,0.6,0.0,3.0,4.0,0.0,0.0
trans_sess_0135_0,sess_0135,0,0.0,0.0,0.0,0.0611,0.6747,0.3899,0.3798,1.0,2.0,2.0,0.0,3.0,0.2,0.0,0.0,1.0,0.0,0.0
trans_sess_0135_1,sess_0135,1,1.0,0.0,0.0,0.2764,0.5485,0.2851,0.212,0.0,0.0,4.0,0.0,3.0,0.2,0.0,1.0,2.0,0.0,0.0
trans_sess_0135_2,sess_0135,2,1.0,0.0,0.0,0.1313,0.6966,0.429,0.2947,1.0,2.0,2.0,0.0,1.0,0.2,0.0,2.0,3.0,0.0,0.0
trans_sess_0135_3,sess_0135,3,1.0,0.0,0.0,0.318,0.4121,0.6998,1.1007,1.0,1.0,1.0,0.0,4.0,0.95,0.0,3.0,4.0,1.0,1.0
trans_sess_0136_0,sess_0136,0,0.0,0.0,0.0,0.0214,0.6685,0.5119,0.3005,1.0,3.0,2.0,0.0,2.0,0.2,0.0,0.0,1.0,0.0,0.0
trans_sess_0136_1,sess_0136,1,1.0,0.0,0.0,0.1348,0.6143,0.3356,0.3961,0.0,0.0,4.0,0.0,3.0,0.2,0.0,1.0,2.0,0.0,0.0
trans_sess_0136_2,sess_0136,2,1.0,0.0,0.0,-0.0269,0.8033,0.2361,0.2813,1.0,3.0,4.0,0.0,1.0,0.2,0.0,2.0,3.0,0.0,0.0
trans_sess_0136_3,sess_0136,3,1.0,0.0,0.0,0.1157,0.7089,0.2222,0.3324,0.0,0.0,4.0,0.0,2.0,0.6,0.0,3.0,4.0,0.0,0.0
trans_sess_0137_0,sess_0137,0,0.0,0.0,0.0,0.3119,0.5137,0.3652,0.2537,1.0,3.0,4.0,0.0,1.0,0.2,0.0,0.0,1.0,0.0,0.0
trans_sess_0137_1,sess_0137,1,1.0,0.0,0.0,0.1841,0.6519,0.2987,0.3342,0.0,0.0,4.0,0.0,3.0,0.2,0.0,1.0,2.0,0.0,0.0
trans_sess_0137_2,sess_0137,2,0.0,0.0,0.0,0.4443,0.4847,0.722,0.5207,1.0,2.0,1.0,1.0,2.0,0.95,0.0,2.0,3.0,0.0,1.0
trans_sess_0137_3,sess_0137,3,0.0,0.0,0.0,0.2235,0.5378,0.7984,0.6856,1.0,2.0,1.0,1.0,2.0,0.95,0.0,3.0,4.0,0.0,2.0
trans_sess_0138_0,sess_0138,0,0.0,0.0,0.0,0.125,0.6499,0.25,0.3423,1.0,3.0,2.0,0.0,2.0,0.2,0.0,0.0,1.0,0.0,0.0
trans_sess_0138_1,sess_0138,1,1.0,0.0,0.0,0.2206,0.6048,0.3124,0.3186,0.0,0.0,2.0,0.0,2.0,0.2,0.0,1.0,2.0,0.0,0.0
trans_sess_0138_2,sess_0138,2,1.0,0.0,0.0,0.1151,0.6434,0.518,0.2827,1.0,2.0,4.0,0.0,1.0,0.2,0.0,2.0,3.0,0.0,0.0
trans_sess_0138_3,sess_0138,3,1.0,0.0,0.0,0.1213,0.5852,0.4095,0.2873,0.0,0.0,4.0,0.0,2.0,0.6,0.0,3.0,4.0,0.0,0.0
trans_sess_0139_0,sess_0139,0,0.0,0.0,0.0,0.0981,0.7821,0.4636,0.258,1.0,3.0,2.0,0.0,1.0,0.2,0.0,0.0,1.0,0.0,0.0
trans_sess_0139_1,sess_0139,1,1.0,0.0,0.0,0.0007,0.7508,0.2952,0.3553,0.0,0.0,4.0,0.0,3.0,0.2,0.0,1.0,2.0,0.0,0.0
trans_sess_0139_2,sess_0139,2,0.0,0.0,0.0,0.1424,0.5714,0.5289,0.7231,1.0,2.0,1.0,1.0,2.0,0.95,0.0,2.0,3.0,0.0,1.0
trans_sess_0139_3,sess_0139,3,0.0,0.0,0.0,0.3011,0.4237,0.6093,0.7186,1.0,2.0,1.0,1.0,2.0,0.95,0.0,3.0,4.0,0.0,2.0
trans_sess_0140_0,sess_0140,0,0.0,0.0,0.0,0.1585,0.7084,0.5081,0.1905,1.0,3.0,4.0,0.0,2.0,0.2,0.0,0.0,1.0,0.0,0.0
trans_sess_0140_1,sess_0140,1,1.0,0.0,0.0,0.2794,0.6604,0.2781,0.2069,0.0,0.0,4.0,0.0,2.0,0.2,0.0,1.0,2.0,0.0,0.0
trans_sess_0140_2,sess_0140,2,1.0,0.0,0.0,0.1349,0.7422,0.3398,0.4058,1.0,2.0,2.0,0.0,2.0,0.2,0.0,2.0,3.0,0.0,0.0
trans_sess_0140_3,sess_0140,3,1.0,0.0,0.0,0.0339,0.6488,0.2498,0.3255,0.0,0.0,4.0,0.0,1.0,0.6,0.0,3.0,4.0,0.0,0.0
trans_sess_0141_0,sess_0141,0,0.0,0.0,0.0,0.221,0.6079,0.1417,0.3139,1.0,3.0,4.0,0.0,2.0,0.2,0.0,0.0,1.0,0.0,0.0
trans_sess_0141_1,sess_0141,1,0.0,0.0,0.0,0.2849,0.5823,0.6736,0.4929,0.0,0.0,0.0,0.0,3.0,0.4,1.0,1.0,2.0,0.0,1.0
trans_sess_0141_2,sess_0141,2,0.0,0.0,0.0,0.3044,0.6454,0.3721,0.632,0.0,0.0,0.0,0.0,3.0,0.4,1.0,2.0,3.0,0.0,2.0
trans_sess_0141_3,sess_0141,3,0.0,0.0,0.0,0.2097,0.5435,0.5848,0.5513,0.0,0.0,0.0,0.0,3.0,0.4,1.0,3.0,4.0,0.0,3.0
trans_sess_0142_0,sess_0142,0,0.0,0.0,0.0,0.0959,0.6534,0.263,0.224,1.0,2.0,4.0,0.0,3.0,0.2,0.0,0.0,1.0,0.0,0.0
trans_sess_0142_1,sess_0142,1,1.0,0.0,0.0,0.2043,0.5351,0.4033,0.3324,0.0,0.0,4.0,0.0,2.0,0.2,0.0,1.0,2.0,0.0,0.0
trans_sess_0142_2,sess_0142,2,1.0,0.0,0.0,0.0119,0.5822,0.4455,0.2313,1.0,3.0,2.0,0.0,2.0,0.2,0.0,2.0,3.0,0.0,0.0
trans_sess_0142_3,sess_0142,3,1.0,0.0,0.0,0.1128,0.6962,0.4127,0.2824,0.0,0.0,2.0,0.0,3.0,0.6,0.0,3.0,4.0,0.0,0.0
trans_sess_0143_0,sess_0143,0,0.0,0.0,0.0,0.1022,0.7922,0.4891,0.3685,1.0,3.0,4.0,0.0,3.0,0.2,0.0,0.0,1.0,0.0,0.0
trans_sess_0143_1,sess_0143,1,0.0,0.0,0.0,0.3068,0.4353,0.567,0.7023,1.0,2.0,1.0,1.0,2.0,0.95,0.0,1.0,2.0,0.0,1.0
trans_sess_0143_2,sess_0143,2,0.0,0.0,0.0,0.3335,0.6121,0.715,0.4997,1.0,2.0,1.0,1.0,2.0,0.95,0.0,2.0,3.0,0.0,2.0
trans_sess_0143_3,sess_0143,3,0.0,0.0,0.0,0.3842,0.4202,0.6116,0.675,1.0,2.0,1.0,1.0,2.0,0.95,0.0,3.0,4.0,0.0,3.0
trans_sess_0144_0,sess_0144,0,0.0,0.0,0.0,0.3097,0.95,0.3985,0.2872,1.0,2.0,4.0,0.0,2.0,0.2,0.0,0.0,1.0,0.0,0.0
trans_sess_0144_1,sess_0144,1,1.0,0.0,0.0,0.1928,0.7388,0.3243,0.4257,0.0,0.0,4.0,0.0,3.0,0.2,0.0,1.0,2.0,0.0,0.0
trans_sess_0144_2,sess_0144,2,1.0,0.0,0.0,0.1684,0.6998,0.4033,0.3295,1.0,3.0,2.0,0.0,1.0,0.2,0.0,2.0,3.0,0.0,0.0
trans_sess_0144_3,sess_0144,3,1.0,0.0,0.0,0.2171,0.5883,0.3053,0.223,0.0,0.0,4.0,0.0,3.0,0.6,0.0,3.0,4.0,0.0,0.0
trans_sess_0145_0,sess_0145,0,0.0,0.0,0.0,0.1852,0.7279,0.3866,0.4172,1.0,3.0,4.0,0.0,1.0,0.2,0.0,0.0,1.0,0.0,0.0
trans_sess_0145_1,sess_0145,1,1.0,0.0,0.0,0.1496,0.7169,0.2627,0.2729,0.0,0.0,2.0,0.0,2.0,0.2,0.0,1.0,2.0,0.0,0.0
trans_sess_0145_2,sess_0145,2,1.0,0.0,0.0,0.2056,0.7349,0.3265,0.295,1.0,3.0,2.0,0.0,2.0,0.2,0.0,2.0,3.0,0.0,0.0
trans_sess_0145_3,sess_0145,3,0.0,0.0,0.0,0.1286,0.5214,0.639,0.6575,0.0,0.0,0.0,0.0,3.0,0.4,1.0,3.0,4.0,0.0,1.0
trans_sess_0146_0,sess_0146,0,0.0,0.0,0.0,0.1901,0.655,0.3506,0.2538,1.0,3.0,4.0,0.0,1.0,0.2,0.0,0.0,1.0,0.0,0.0
trans_sess_0146_1,sess_0146,1,1.0,0.0,0.0,0.2059,0.6921,0.3894,0.2632,0.0,0.0,4.0,0.0,2.0,0.2,0.0,1.0,2.0,0.0,0.0
trans_sess_0146_2,sess_0146,2,1.0,0.0,0.0,-0.0223,0.7597,0.3117,0.2396,1.0,2.0,4.0,0.0,3.0,0.2,0.0,2.0,3.0,0.0,0.0
trans_sess_0146_3,sess_0146,3,1.0,0.0,0.0,0.2055,0.6108,0.4348,0.3432,0.0,0.0,4.0,0.0,3.0,0.6,0.0,3.0,4.0,0.0,0.0
trans_sess_0147_0,sess_0147,0,0.0,0.0,0.0,0.2047,0.5134,0.447,0.3183,1.0,2.0,2.0,0.0,3.0,0.2,0.0,0.0,1.0,0.0,0.0
trans_sess_0147_1,sess_0147,1,1.0,0.0,0.0,0.1205,0.6643,0.2079,0.3286,0.0,0.0,4.0,0.0,1.0,0.2,0.0,1.0,2.0,0.0,0.0
trans_sess_0147_2,sess_0147,2,1.0,0.0,0.0,0.0677,0.5147,0.2282,0.3779,1.0,3.0,2.0,0.0,3.0,0.2,0.0,2.0,3.0,0.0,0.0
trans_sess_0147_3,sess_0147,3,1.0,0.0,0.0,0.2871,0.5227,0.7357,0.65,1.0,1.0,1.0,0.0,4.0,0.95,0.0,3.0,4.0,1.0,1.0
trans_sess_0148_0,sess_0148,0,0.0,0.0,0.0,0.0607,0.7736,0.3375,0.2616,1.0,2.0,4.0,0.0,2.0,0.2,0.0,0.0,1.0,0.0,0.0
trans_sess_0148_1,sess_0148,1,1.0,0.0,0.0,0.1628,0.7002,0.4394,0.4014,0.0,0.0,4.0,0.0,1.0,0.2,0.0,1.0,2.0,0.0,0.0
trans_sess_0148_2,sess_0148,2,1.0,0.0,0.0,0.1212,0.5174,0.3169,0.3182,1.0,3.0,2.0,0.0,2.0,0.2,0.0,2.0,3.0,0.0,0.0
trans_sess_0148_3,sess_0148,3,1.0,0.0,0.0,0.0729,0.5543,0.3775,0.2966,0.0,0.0,4.0,0.0,3.0,0.6,0.0,3.0,4.0,0.0,0.0
trans_sess_0149_0,sess_0149,0,0.0,0.0,0.0,0.1526,0.5742,0.3316,0.2353,1.0,3.0,4.0,0.0,2.0,0.2,0.0,0.0,1.0,0.0,0.0
trans_sess_0149_1,sess_0149,1,1.0,0.0,0.0,0.2212,0.7535,0.2023,0.2349,0.0,0.0,2.0,0.0,2.0,0.2,0.0,1.0,2.0,0.0,0.0
trans_sess_0149_2,sess_0149,2,1.0,0.0,0.0,0.0303,0.585,0.3433,0.1985,1.0,3.0,4.0,0.0,3.0,0.2,0.0,2.0,3.0,0.0,0.0
trans_sess_0149_3,sess_0149,3,0.0,0.0,0.0,0.1763,0.4697,0.5707,0.6069,0.0,0.0,0.0,0.0,3.0,0.4,1.0,3.0,4.0,0.0,1.0
